videoId,title,description,publishedAt
JfzbuBBCHNk,『タイトルと曲のバランス合ってない奴』ジャルジャルのネタのタネ【JARUJARUTOWER】,このチャンネルはジャルジャルの公式チャンネルです！ 日々の活動をドンドンUPしていきます！！ ジャルジャルがネタ帳に書き留めたネタになる...,2019-12-12T09:00:03.000Z
Ej62S63vZL0,『「なんでミスするの？」って言うコーチの奴』ジャルジャルのネタのタネ【JARUJARUTOWER】,このチャンネルはジャルジャルの公式チャンネルです！ 日々の活動をドンドンUPしていきます！！ ジャルジャルがネタ帳に書き留めたネタになる...,2019-12-11T09:00:05.000Z
lH8VTmQOLWA,『優勝インタビューで「よいしょー」って言う奴』ジャルジャルのネタのタネ【JARUJARUTOWER】,このチャンネルはジャルジャルの公式チャンネルです！ 日々の活動をドンドンUPしていきます！！ ジャルジャルがネタ帳に書き留めたネタになる...,2019-12-10T09:00:10.000Z
I7xKy_RXJ_g,『サウナ入る南って奴』ジャルジャルのネタのタネ【JARUJARUTOWER】,このチャンネルはジャルジャルの公式チャンネルです！ 日々の活動をドンドンUPしていきます！！ ジャルジャルがネタ帳に書き留めたネタになる...,2019-12-09T09:00:03.000Z
BoNiQ6LDh-4,『ちょっと変な先生な奴』ジャルジャルのネタのタネ【JARUJARUTOWER】,このチャンネルはジャルジャルの公式チャンネルです！ 日々の活動をドンドンUPしていきます！！ ジャルジャルがネタ帳に書き留めたネタになる...,2019-12-08T09:00:05.000Z
ixvrRdtyYQw,『息子の手紙に泣かへん奴』ジャルジャルのネタのタネ【JARUJARUTOWER】,このチャンネルはジャルジャルの公式チャンネルです！ 日々の活動をドンドンUPしていきます！！ ジャルジャルがネタ帳に書き留めたネタになる...,2019-12-07T09:00:09.000Z
Z6WDr0GQZ_k,『屁の振動で文字書く奴』ジャルジャルのネタのタネ【JARUJARUTOWER】,このチャンネルはジャルジャルの公式チャンネルです！ 日々の活動をドンドンUPしていきます！！ ジャルジャルがネタ帳に書き留めたネタになる...,2019-12-06T09:00:07.000Z
1iTijroi26E,『「そりゃそうや」しか言わん奴』ジャルジャルのネタのタネ【JARUJARUTOWER】,このチャンネルはジャルジャルの公式チャンネルです！ 日々の活動をドンドンUPしていきます！！ ジャルジャルがネタ帳に書き留めたネタになる...,2019-12-05T09:00:01.000Z
kPep5t5s7w4,ジャルジャルタワー２億回再生突破！記念ライブ,音声に不備があった部分を修正致しました。 このチャンネルはジャルジャルの公式チャンネルです！ 日々の活動をドンドンUPしていきます！...,2019-12-04T11:00:07.000Z
vc3UnM8n5AQ,『珍しい形で会社乗っ取る奴』ジャルジャルのネタのタネ【JARUJARUTOWER】,このチャンネルはジャルジャルの公式チャンネルです！ 日々の活動をドンドンUPしていきます！！ ジャルジャルがネタ帳に書き留めたネタになる...,2019-12-04T09:00:14.000Z
TJNiKDDa_bA,ジャルジャル、スーツを新調する！#1,このチャンネルはジャルジャルの公式チャンネルです！ 日々の活動をドンドンUPしていきます！！ ジャルジャルがネタ帳に書き留めたネタになる...,2019-12-03T09:00:04.000Z
LD_pdXtZiBc,『オレオレ詐欺の電話かかってくる南って奴』ジャルジャルのネタのタネ【JARUJARUTOWER】,このチャンネルはジャルジャルの公式チャンネルです！ 日々の活動をドンドンUPしていきます！！ ジャルジャルがネタ帳に書き留めたネタになる...,2019-12-03T09:00:03.000Z
7I5yAp_ALgE,ジャルジャル、スーツを新調する！#3,このチャンネルはジャルジャルの公式チャンネルです！ 日々の活動をドンドンUPしていきます！！ ジャルジャルがネタ帳に書き留めたネタになる...,2019-12-03T09:00:00.000Z
otxv_aUBqME,コメント読む奴〜10月編〜,このチャンネルはジャルジャルの公式チャンネルです！ コメントを読む奴は今後、毎月発表して行きます！ 更新は撮影の関係で固定の曜日ではあ...,2019-12-03T09:00:07.000Z
Ubm5YznzSDE,『「日本人かーい！」って言う奴』ジャルジャルのネタのタネ【JARUJARUTOWER】,このチャンネルはジャルジャルの公式チャンネルです！ 日々の活動をドンドンUPしていきます！！ ジャルジャルがネタ帳に書き留めたネタになる...,2019-12-02T09:00:06.000Z
uwJ333RzaDs,『一人言で銀行強盗説得する奴』ジャルジャルのネタのタネ【JARUJARUTOWER】,このチャンネルはジャルジャルの公式チャンネルです！ 日々の活動をドンドンUPしていきます！！ ジャルジャルがネタ帳に書き留めたネタになる...,2019-11-30T09:00:13.000Z
MoO3Ehe2PlE,『深呼吸の吐く量、少ない奴』ジャルジャルのネタのタネ【JARUJARUTOWER】,このチャンネルはジャルジャルの公式チャンネルです！ 日々の活動をドンドンUPしていきます！！ ジャルジャルがネタ帳に書き留めたネタになる...,2019-11-29T09:00:08.000Z
A5lS2PzS6EA,『足つぼマッサージする南って奴』ジャルジャルのネタのタネ【JARUJARUTOWER】,このチャンネルはジャルジャルの公式チャンネルです！ 日々の活動をドンドンUPしていきます！！ ジャルジャルがネタ帳に書き留めたネタになる...,2019-11-28T09:00:03.000Z
4VzTfKGNy5Y,『服屋でバーベキューした奴』ジャルジャルのネタのタネ【JARUJARUTOWER】,このチャンネルはジャルジャルの公式チャンネルです！ 日々の活動をドンドンUPしていきます！！ ジャルジャルがネタ帳に書き留めたネタになる...,2019-11-27T09:00:00.000Z
x5HGBXewGDA,『オーダーミスで体固まる奴』ジャルジャルのネタのタネ【JARUJARUTOWER】,このチャンネルはジャルジャルの公式チャンネルです！ 日々の活動をドンドンUPしていきます！！ ジャルジャルがネタ帳に書き留めたネタになる...,2019-11-26T09:00:09.000Z
v0BDGNBVoME,ジャルっと！爆ハリ！#185,このチャンネルはジャルジャルの公式チャンネルです！ 日々の活動をドンドンUPしていきます！！ ジャルジャルがネタ帳に書き留めたネタになる...,2019-11-25T09:00:13.000Z
y1Bz4lB9jp0,『拾った財布にサインする舞台俳優な奴』ジャルジャルのネタのタネ【JARUJARUTOWER】,このチャンネルはジャルジャルの公式チャンネルです！ 日々の活動をドンドンUPしていきます！！ ジャルジャルがネタ帳に書き留めたネタになる...,2019-11-24T09:00:07.000Z
BK_Wxh2uknA,『ボディービルダーおちょくる会社を立ち上げたい奴』ジャルジャルのネタのタネ【JARUJARUTOWER】,このチャンネルはジャルジャルの公式チャンネルです！ 日々の活動をドンドンUPしていきます！！ ジャルジャルがネタ帳に書き留めたネタになる...,2019-11-23T09:00:01.000Z
-geFcqS1mZQ,『ケンカするほどではない奴』ジャルジャルのネタのタネ【JARUJARUTOWER】,このチャンネルはジャルジャルの公式チャンネルです！ 日々の活動をドンドンUPしていきます！！ ジャルジャルがネタ帳に書き留めたネタになる...,2019-11-22T09:00:00.000Z
TOk1evi1sdE,『昔、そいつにシバかれた奴』ジャルジャルのネタのタネ【JARUJARUTOWER】,このチャンネルはジャルジャルの公式チャンネルです！ 日々の活動をドンドンUPしていきます！！ ジャルジャルがネタ帳に書き留めたネタになる...,2019-11-21T09:00:06.000Z
6ntFwxcXMP8,『「分かりました！」って言うけど分かってない奴』ジャルジャルのネタのタネ【JARUJARUTOWER】,このチャンネルはジャルジャルの公式チャンネルです！ 日々の活動をドンドンUPしていきます！！ ジャルジャルがネタ帳に書き留めたネタになる...,2019-11-19T09:00:02.000Z
8g6jHU_ZmiI,『強豪サッカー部の新任コーチな奴』ジャルジャルのネタのタネ【JARUJARUTOWER】,このチャンネルはジャルジャルの公式チャンネルです！ 日々の活動をドンドンUPしていきます！！ ジャルジャルがネタ帳に書き留めたネタになる...,2019-11-18T09:00:01.000Z
JI62RveJ0f4,『笑ってる客に「セコい」って言う漫才師な奴』ジャルジャルのネタのタネ【JARUJARUTOWER】,このチャンネルはジャルジャルの公式チャンネルです！ 日々の活動をドンドンUPしていきます！！ ジャルジャルがネタ帳に書き留めたネタになる...,2019-11-17T09:00:05.000Z
fXHO4ds8_4c,『客のもの欲しがる引っ越し業者の奴』ジャルジャルのネタのタネ【JARUJARUTOWER】,このチャンネルはジャルジャルの公式チャンネルです！ 日々の活動をドンドンUPしていきます！！ ジャルジャルがネタ帳に書き留めたネタになる...,2019-11-14T09:00:07.000Z
BuMQTtxY0RM,『スカウトされて大学と就職先をやめる奴』ジャルジャルのネタのタネ【JARUJARUTOWER】,このチャンネルはジャルジャルの公式チャンネルです！ 日々の活動をドンドンUPしていきます！！ ジャルジャルがネタ帳に書き留めたネタになる...,2019-11-13T09:00:02.000Z
rHgFJ77LPRU,『主婦ボクサーに密着する奴』ジャルジャルのネタのタネ【JARUJARUTOWER】,このチャンネルはジャルジャルの公式チャンネルです！ 日々の活動をドンドンUPしていきます！！ ジャルジャルがネタ帳に書き留めたネタになる...,2019-11-12T09:00:10.000Z
w3e9Pwkly9o,『怒鳴るタイミング予想する奴』ジャルジャルのネタのタネ【JARUJARUTOWER】,このチャンネルはジャルジャルの公式チャンネルです！ 日々の活動をドンドンUPしていきます！！ ジャルジャルがネタ帳に書き留めたネタになる...,2019-11-11T09:00:09.000Z
PKsiBPLtZm0,ジャルっと！爆ハリ！#183,このチャンネルはジャルジャルの公式チャンネルです！ 日々の活動をドンドンUPしていきます！！ ジャルジャルがネタ帳に書き留めたネタになる...,2019-11-11T09:00:02.000Z
CVJevNmq5w4,『主婦ボクサーと脱サラ５０代カメラマンな奴』ジャルジャルのネタのタネ【JARUJARUTOWER】,このチャンネルはジャルジャルの公式チャンネルです！ 日々の活動をドンドンUPしていきます！！ ジャルジャルがネタ帳に書き留めたネタになる...,2019-11-10T09:00:00.000Z
i_Unro5Oims,『主婦でボクサーな奴』ジャルジャルのネタのタネ【JARUJARUTOWER】,このチャンネルはジャルジャルの公式チャンネルです！ 日々の活動をドンドンUPしていきます！！ ジャルジャルがネタ帳に書き留めたネタになる...,2019-11-09T09:00:06.000Z
DbLOlBRaQ2s,『ヤバい店員にヤバい客にされた奴』ジャルジャルのネタのタネ【JARUJARUTOWER】,このチャンネルはジャルジャルの公式チャンネルです！ 日々の活動をドンドンUPしていきます！！ ジャルジャルがネタ帳に書き留めたネタになる...,2019-11-08T09:00:04.000Z
3OSorcaY_AU,『ジムで話しかけられる奴』ジャルジャルのネタのタネ【JARUJARUTOWER】,このチャンネルはジャルジャルの公式チャンネルです！ 日々の活動をドンドンUPしていきます！！ ジャルジャルがネタ帳に書き留めたネタになる...,2019-11-07T09:00:01.000Z
KYJzoiZcZfg,『これ見て時間無駄にする奴』ジャルジャルのネタのタネ【JARUJARUTOWER】,このチャンネルはジャルジャルの公式チャンネルです！ 日々の活動をドンドンUPしていきます！！ ジャルジャルがネタ帳に書き留めたネタになる...,2019-11-06T09:00:03.000Z
caVc3wn4ar8,『ボーリングでボコりたい奴』ジャルジャルのネタのタネ【JARUJARUTOWER】,このチャンネルはジャルジャルの公式チャンネルです！ 日々の活動をドンドンUPしていきます！！ ジャルジャルがネタ帳に書き留めたネタになる...,2019-11-05T09:00:08.000Z
tCgypBnEFfQ,『減量中のボクサーとコンビ組んでる奴』ジャルジャルのネタのタネ【JARUJARUTOWER】,このチャンネルはジャルジャルの公式チャンネルです！ 日々の活動をドンドンUPしていきます！！ ジャルジャルがネタ帳に書き留めたネタになる...,2019-11-04T09:00:08.000Z
3eFpgV-hBK4,『南っていう奴〜お父さん〜』ジャルジャルのネタのタネ【JARUJARUTOWER】,このチャンネルはジャルジャルの公式チャンネルです！ 日々の活動をドンドンUPしていきます！！ ジャルジャルがネタ帳に書き留めたネタになる...,2019-11-02T09:00:00.000Z
drPQHCoWLVk,『ギャグの練習したのに本番フラない奴』ジャルジャルのネタのタネ【JARUJARUTOWER】,このチャンネルはジャルジャルの公式チャンネルです！ 日々の活動をドンドンUPしていきます！！ ジャルジャルがネタ帳に書き留めたネタになる...,2019-11-01T09:00:12.000Z
3kXQQHoJkMo,『チャラ男番長のネタを見る奴 パート43』ジャルジャルのネタのタネ【JARUJARUTOWER】,このチャンネルはジャルジャルの公式チャンネルです！ 日々の活動をドンドンUPしていきます！！ ジャルジャルがネタ帳に書き留めたネタになる...,2019-10-31T09:00:00.000Z
0BIrjiYQvL4,コメント読む奴〜９月編〜,このチャンネルはジャルジャルの公式チャンネルです！ コメントを読む奴は今後、毎月発表して行きます！ 更新は撮影の関係で固定の曜日ではあ...,2019-10-30T09:00:00.000Z
SGWz_g7MMh4,『ギャグ魔神に「サブい」っていうバイト先の奴』ジャルジャルのネタのタネ【JARUJARUTOWER】,このチャンネルはジャルジャルの公式チャンネルです！ 日々の活動をドンドンUPしていきます！！ ジャルジャルがネタ帳に書き留めたネタになる...,2019-10-30T09:00:03.000Z
1WAMs90e_T8,『面接官の頭、叩く奴』ジャルジャルのネタのタネ【JARUJARUTOWER】,このチャンネルはジャルジャルの公式チャンネルです！ 日々の活動をドンドンUPしていきます！！ ジャルジャルがネタ帳に書き留めたネタになる...,2019-10-29T09:00:00.000Z
PAFjSe6hpKo,『教習所に通う関東出身のツッコミ下手な奴』ジャルジャルのネタのタネ【JARUJARUTOWER】,このチャンネルはジャルジャルの公式チャンネルです！ 日々の活動をドンドンUPしていきます！！ ジャルジャルがネタ帳に書き留めたネタになる...,2019-10-28T09:00:02.000Z
UV8sD7_7Q_Q,『有名人もじった名前やのに似てない奴』ジャルジャルのネタのタネ【JARUJARUTOWER】,このチャンネルはジャルジャルの公式チャンネルです！ 日々の活動をドンドンUPしていきます！！ ジャルジャルがネタ帳に書き留めたネタになる...,2019-10-27T09:00:03.000Z
PvgJf7Oj3l0,『ポン酢のＣＭ撮る奴』ジャルジャルのネタのタネ【JARUJARUTOWER】,このチャンネルはジャルジャルの公式チャンネルです！ 日々の活動をドンドンUPしていきます！！ ジャルジャルがネタ帳に書き留めたネタになる...,2019-10-26T09:00:04.000Z
mTAE4D5o8kM,『途中から見るとなんでウケてるか分からん漫才する奴』ジャルジャルのネタのタネ【JARUJARUTOWER】,このチャンネルはジャルジャルの公式チャンネルです！ 日々の活動をドンドンUPしていきます！！ ジャルジャルがネタ帳に書き留めたネタになる...,2019-10-25T09:00:15.000Z
GrXKK2F_bJ0,『チャラ男番長のネタを見る奴 パート42』ジャルジャルのネタのタネ【JARUJARUTOWER】,このチャンネルはジャルジャルの公式チャンネルです！ 日々の活動をドンドンUPしていきます！！ ジャルジャルがネタ帳に書き留めたネタになる...,2019-10-24T09:00:00.000Z
j0St0DlckzI,『口笛指揮者な奴』ジャルジャルのネタのタネ【JARUJARUTOWER】,このチャンネルはジャルジャルの公式チャンネルです！ 日々の活動をドンドンUPしていきます！！ ジャルジャルがネタ帳に書き留めたネタになる...,2019-10-23T09:00:10.000Z
yjoP2gAvyeY,『上司の短髪イジり過ぎてクビなる奴』ジャルジャルのネタのタネ【JARUJARUTOWER】,このチャンネルはジャルジャルの公式チャンネルです！ 日々の活動をドンドンUPしていきます！！ ジャルジャルがネタ帳に書き留めたネタになる...,2019-10-22T09:00:09.000Z
EtQ_uDouY68,ジャルっと！爆ハリ！#180,このチャンネルはジャルジャルの公式チャンネルです！ 日々の活動をドンドンUPしていきます！！ ジャルジャルがネタ帳に書き留めたネタになる...,2019-10-21T09:00:02.000Z
q_yKu6v1Pl8,『あだ名『鬼軍曹』って人がいるから劇団やめる奴』ジャルジャルのネタのタネ【JARUJARUTOWER】,このチャンネルはジャルジャルの公式チャンネルです！ 日々の活動をドンドンUPしていきます！！ ジャルジャルがネタ帳に書き留めたネタになる...,2019-10-19T09:00:08.000Z
zul0On_N4zo,『ツッコミに抑揚ない奴』ジャルジャルのネタのタネ【JARUJARUTOWER】,このチャンネルはジャルジャルの公式チャンネルです！ 日々の活動をドンドンUPしていきます！！ ジャルジャルがネタ帳に書き留めたネタになる...,2019-10-18T09:00:16.000Z
0Pls0xnbO9A,『気持ちで歌わせる奴』ジャルジャルのネタのタネ【JARUJARUTOWER】,このチャンネルはジャルジャルの公式チャンネルです！ 日々の活動をドンドンUPしていきます！！ ジャルジャルがネタ帳に書き留めたネタになる...,2019-10-17T09:00:00.000Z
cHW3-Hyz5Lw,『アホ太郎っていう奴』ジャルジャルのネタのタネ【JARUJARUTOWER】,このチャンネルはジャルジャルの公式チャンネルです！ 日々の活動をドンドンUPしていきます！！ ジャルジャルがネタ帳に書き留めたネタになる...,2019-10-16T09:00:08.000Z
UOk1YQjqScs,『漫才中に気絶しちゃう奴』ジャルジャルのネタのタネ【JARUJARUTOWER】,このチャンネルはジャルジャルの公式チャンネルです！ 日々の活動をドンドンUPしていきます！！ ジャルジャルがネタ帳に書き留めたネタになる...,2019-10-15T09:00:04.000Z
zq0PWbd2DCk,ジャルっと！爆ハリ！#179,このチャンネルはジャルジャルの公式チャンネルです！ 日々の活動をドンドンUPしていきます！！ ジャルジャルがネタ帳に書き留めたネタになる...,2019-10-14T09:00:10.000Z
atAm-WzsNQA,『怖すぎる劇団員な奴』ジャルジャルのネタのタネ【JARUJARUTOWER】,このチャンネルはジャルジャルの公式チャンネルです！ 日々の活動をドンドンUPしていきます！！ ジャルジャルがネタ帳に書き留めたネタになる...,2019-10-13T09:00:00.000Z
beN_UP5UPxc,『「しばくぞ」が口癖な奴』ジャルジャルのネタのタネ【JARUJARUTOWER】,このチャンネルはジャルジャルの公式チャンネルです！ 日々の活動をドンドンUPしていきます！！ ジャルジャルがネタ帳に書き留めたネタになる...,2019-10-12T09:00:04.000Z
RqtLIg0cpVo,本気ネタ！『対処はやい奴』【JARUJARUTOWER】,このチャンネルはジャルジャルの公式チャンネルです！ 日々の活動をドンドンUPしていきます！！ ジャルジャルがネタ帳に書き留めたネタになる...,2019-10-11T09:00:02.000Z
jFkIxjMvsX0,本気ネタ！『あんまりよくない歌、作る奴』【JARUJARUTOWER】,このチャンネルはジャルジャルの公式チャンネルです！ 日々の活動をドンドンUPしていきます！！ ジャルジャルがネタ帳に書き留めたネタになる...,2019-10-11T09:00:05.000Z
rz8WAqtUHbo,『かつあげされる奴』ジャルジャルのネタのタネ【JARUJARUTOWER】,このチャンネルはジャルジャルの公式チャンネルです！ 日々の活動をドンドンUPしていきます！！ ジャルジャルがネタ帳に書き留めたネタになる...,2019-10-11T09:00:10.000Z
r24xLLbrMaM,本気ネタ！『師匠にぶりっ子する奴』【JARUJARUTOWER】,このチャンネルはジャルジャルの公式チャンネルです！ 日々の活動をドンドンUPしていきます！！ ジャルジャルがネタ帳に書き留めたネタになる...,2019-10-11T09:00:12.000Z
f63zxLt3FhI,本気ネタ！『調子乗ってスタートダッシュする奴』【JARUJARUTOWER】,このチャンネルはジャルジャルの公式チャンネルです！ 日々の活動をドンドンUPしていきます！！ ジャルジャルがネタ帳に書き留めたネタになる...,2019-10-11T09:00:06.000Z
b1Yu2YzzYxo,本気ネタ！『おもしろそうなアニメの声聞こえてくる奴』【JARUJARUTOWER】,このチャンネルはジャルジャルの公式チャンネルです！ 日々の活動をドンドンUPしていきます！！ ジャルジャルがネタ帳に書き留めたネタになる...,2019-10-11T09:00:03.000Z
JrXG20TYBNw,『怪しい雑誌の街角スナップ撮られる奴』ジャルジャルのネタのタネ【JARUJARUTOWER】,このチャンネルはジャルジャルの公式チャンネルです！ 日々の活動をドンドンUPしていきます！！ ジャルジャルがネタ帳に書き留めたネタになる...,2019-10-10T09:00:04.000Z
8RjYNCHZR0U,『最高ランクな先生な奴』ジャルジャルのネタのタネ【JARUJARUTOWER】,このチャンネルはジャルジャルの公式チャンネルです！ 日々の活動をドンドンUPしていきます！！ ジャルジャルがネタ帳に書き留めたネタになる...,2019-10-09T09:00:01.000Z
YyAVuRvATko,『最低ランクな先生な奴』ジャルジャルのネタのタネ【JARUJARUTOWER】,このチャンネルはジャルジャルの公式チャンネルです！ 日々の活動をドンドンUPしていきます！！ ジャルジャルがネタ帳に書き留めたネタになる...,2019-10-08T09:00:06.000Z
tKeJBi2X8Lw,ジャルっと！爆ハリ！#178,このチャンネルはジャルジャルの公式チャンネルです！ 日々の活動をドンドンUPしていきます！！ ジャルジャルがネタ帳に書き留めたネタになる...,2019-10-07T09:00:10.000Z
7g6SkFt7Ioc,『ボクシングしながら数学教える奴』ジャルジャルのネタのタネ【JARUJARUTOWER】,このチャンネルはジャルジャルの公式チャンネルです！ 日々の活動をドンドンUPしていきます！！ ジャルジャルがネタ帳に書き留めたネタになる...,2019-10-07T09:00:00.000Z
kAAmByKZXqg,『ハーモニカ教室通う南って奴』ジャルジャルのネタのタネ【JARUJARUTOWER】,このチャンネルはジャルジャルの公式チャンネルです！ 日々の活動をドンドンUPしていきます！！ ジャルジャルがネタ帳に書き留めたネタになる...,2019-10-06T09:00:08.000Z
Nf77oNHY5dM,『チャラ男番長のネタを見る奴 パート41』ジャルジャルのネタのタネ【JARUJARUTOWER】,このチャンネルはジャルジャルの公式チャンネルです！ 日々の活動をドンドンUPしていきます！！ ジャルジャルがネタ帳に書き留めたネタになる...,2019-10-05T09:00:04.000Z
3QzMNEKO_xs,『ハズレの先生に家庭訪問される奴』ジャルジャルのネタのタネ【JARUJARUTOWER】,このチャンネルはジャルジャルの公式チャンネルです！ 日々の活動をドンドンUPしていきます！！ ジャルジャルがネタ帳に書き留めたネタになる...,2019-10-03T09:00:00.000Z
T2SUJ7kcwOE,『楽器忘れたんバレた奴』ジャルジャルのネタのタネ【JARUJARUTOWER】,このチャンネルはジャルジャルの公式チャンネルです！ 日々の活動をドンドンUPしていきます！！ ジャルジャルがネタ帳に書き留めたネタになる...,2019-09-28T09:00:06.000Z
--KcnBOTY6k,2億回記念！本気ネタ！『スタンガン、効かん奴』【JARUJARUTOWER】,ジャルジャルが毎日１本ネタを無料配信するYoutube公式チャンネル「JARU JARU TOWER」で配信している動画の合計再生回数が2億回を突破しました。...,2019-09-27T09:00:00.000Z
BBaDZfDQlHI,2億回記念！本気ネタ！『黙って相手に言わす奴』【JARUJARUTOWER】,ジャルジャルが毎日１本ネタを無料配信するYoutube公式チャンネル「JARU JARU TOWER」で配信している動画の合計再生回数が2億回を突破しました。...,2019-09-27T09:00:01.000Z
VvXYtEq4E8c,2億回記念！本気ネタ！『カバはカバと思っている奴』【JARUJARUTOWER】,ジャルジャルが毎日１本ネタを無料配信するYoutube公式チャンネル「JARU JARU TOWER」で配信している動画の合計再生回数が2億回を突破しました。...,2019-09-27T09:00:04.000Z
YxqWaKFX-IE,2億回記念！本気ネタ！『退場になってダダこねまくる奴』【JARUJARUTOWER】,ジャルジャルが毎日１本ネタを無料配信するYoutube公式チャンネル「JARU JARU TOWER」で配信している動画の合計再生回数が2億回を突破しました。...,2019-09-27T09:00:10.000Z
K2FAlsc90-A,2億回記念！本気ネタ！『高校生を子供扱いする奴』【JARUJARUTOWER】,ジャルジャルが毎日１本ネタを無料配信するYoutube公式チャンネル「JARU JARU TOWER」で配信している動画の合計再生回数が2億回を突破しました。...,2019-09-27T09:00:03.000Z
xa05QtpJtAY,『喋るスピード指導する奴』ジャルジャルのネタのタネ【JARUJARUTOWER】,このチャンネルはジャルジャルの公式チャンネルです！ 日々の活動をドンドンUPしていきます！！ ジャルジャルがネタ帳に書き留めたネタになる...,2019-09-27T09:00:10.000Z
LG2A51QJhd4,2億回記念！本気ネタ！『お尻ケガした奴』【JARUJARUTOWER】,ジャルジャルが毎日１本ネタを無料配信するYoutube公式チャンネル「JARU JARU TOWER」で配信している動画の合計再生回数が2億回を突破しました。...,2019-09-27T09:00:03.000Z
GW30zOaqQiI,2億回記念！本気ネタ！『ノリツッコミ長い奴』【JARUJARUTOWER】,ジャルジャルが毎日１本ネタを無料配信するYoutube公式チャンネル「JARU JARU TOWER」で配信している動画の合計再生回数が2億回を突破しました。...,2019-09-27T09:00:02.000Z
O3HkWv3U7qU,2億回記念！本気ネタ！『尻にペットボトル入れるのバレる奴』【JARUJARUTOWER】,ジャルジャルが毎日１本ネタを無料配信するYoutube公式チャンネル「JARU JARU TOWER」で配信している動画の合計再生回数が2億回を突破しました。...,2019-09-27T09:00:02.000Z
1iKQMZfGEAs,2億回記念！本気ネタ！『ピアニストとコラボする奴』【JARUJARUTOWER】,ジャルジャルが毎日１本ネタを無料配信するYoutube公式チャンネル「JARU JARU TOWER」で配信している動画の合計再生回数が2億回を突破しました。...,2019-09-27T09:00:02.000Z
-wf94CUDDPg,2億回記念！本気ネタ！『変わってる奴』【JARUJARUTOWER】,ジャルジャルが毎日１本ネタを無料配信するYoutube公式チャンネル「JARU JARU TOWER」で配信している動画の合計再生回数が2億回を突破しました。...,2019-09-27T09:00:00.000Z
76pwJaymvf0,2億回記念！本気ネタ！『笛が落ちずにすんだ奴』【JARUJARUTOWER】,このチャンネルはジャルジャルの公式チャンネルです！ 日々の活動をドンドンUPしていきます！！ ジャルジャルがネタ帳に書き留めたネタになる...,2019-09-27T09:00:01.000Z
FEMk0JbFEXY,2億回記念！本気ネタ！『しょーもないことでもめる奴』【JARUJARUTOWER】,ジャルジャルが毎日１本ネタを無料配信するYoutube公式チャンネル「JARU JARU TOWER」で配信している動画の合計再生回数が2億回を突破しました。...,2019-09-27T09:00:02.000Z
1VXcAPbPDiM,2億回記念！本気ネタ！『知らんOBの挨拶ダルイ奴』【JARUJARUTOWER】,ジャルジャルが毎日１本ネタを無料配信するYoutube公式チャンネル「JARU JARU TOWER」で配信している動画の合計再生回数が2億回を突破しました。...,2019-09-27T09:00:00.000Z
nb19pgB_mC4,2億回記念！本気ネタ！『デビュー曲のタイトル勝手に決める奴』【JARUJARUTOWER】,ジャルジャルが毎日１本ネタを無料配信するYoutube公式チャンネル「JARU JARU TOWER」で配信している動画の合計再生回数が2億回を突破しました。...,2019-09-27T09:00:09.000Z
3gClxCwNUjw,2億回記念！本気ネタ！『頭おかしい奴』【JARUJARUTOWER】,ジャルジャルが毎日１本ネタを無料配信するYoutube公式チャンネル「JARU JARU TOWER」で配信している動画の合計再生回数が2億回を突破しました。...,2019-09-27T09:00:00.000Z
JCWTU6hfH9w,2億回記念！本気ネタ！『何回も確認する奴』【JARUJARUTOWER】,ジャルジャルが毎日１本ネタを無料配信するYoutube公式チャンネル「JARU JARU TOWER」で配信している動画の合計再生回数が2億回を突破しました。...,2019-09-27T09:00:05.000Z
2fuKvKLPIDk,2億回記念！本気ネタ！『人質チョイスミスった奴』【JARUJARUTOWER】,ジャルジャルが毎日１本ネタを無料配信するYoutube公式チャンネル「JARU JARU TOWER」で配信している動画の合計再生回数が2億回を突破しました。...,2019-09-27T09:00:00.000Z
_YR-a_uTEPo,2億回記念！本気ネタ！『何回も生き返らされる奴』【JARUJARUTOWER】,ジャルジャルが毎日１本ネタを無料配信するYoutube公式チャンネル「JARU JARU TOWER」で配信している動画の合計再生回数が2億回を突破しました。...,2019-09-27T09:00:10.000Z
RPXFYBRJVMw,『独裁者の卵な奴』ジャルジャルのネタのタネ【JARUJARUTOWER】,このチャンネルはジャルジャルの公式チャンネルです！ 日々の活動をドンドンUPしていきます！！ ジャルジャルがネタ帳に書き留めたネタになる...,2019-09-25T09:00:07.000Z
uT0fVxDwTS8,『一瞬変なこと言った医者な奴』ジャルジャルのネタのタネ【JARUJARUTOWER】,このチャンネルはジャルジャルの公式チャンネルです！ 日々の活動をドンドンUPしていきます！！ ジャルジャルがネタ帳に書き留めたネタになる...,2019-09-24T09:00:13.000Z
oYG6-IpG-vw,『キングオブコント決勝でやったネタ「野球部」をする奴』ジャルジャルのネタのタネ【JARUJARUTOWER】,このチャンネルはジャルジャルの公式チャンネルです！ 日々の活動をドンドンUPしていきます！！ ジャルジャルがネタ帳に書き留めたネタになる...,2019-09-21T13:15:00.000Z
EyGMilxXmOA,『キングオブコント決勝でやったネタ「空き巣」をする奴』ジャルジャルのネタのタネ【JARUJARUTOWER】,このチャンネルはジャルジャルの公式チャンネルです！ 日々の活動をドンドンUPしていきます！！ ジャルジャルがネタ帳に書き留めたネタになる...,2019-09-21T13:15:01.000Z
57FeWkbkkDs,『ウケ過ぎてテンション下がる奴』ジャルジャルのネタのタネ【JARUJARUTOWER】,このチャンネルはジャルジャルの公式チャンネルです！ 日々の活動をドンドンUPしていきます！！ ジャルジャルがネタ帳に書き留めたネタになる...,2019-09-21T09:00:01.000Z
fPPoUnqrV9k,『路上でやるには向いてない漫才する奴』ジャルジャルのネタのタネ【JARUJARUTOWER】,このチャンネルはジャルジャルの公式チャンネルです！ 日々の活動をドンドンUPしていきます！！ ジャルジャルがネタ帳に書き留めたネタになる...,2019-09-20T09:00:11.000Z
8oY3kmyNjQ4,『転校初日に熟睡する奴』ジャルジャルのネタのタネ【JARUJARUTOWER】,このチャンネルはジャルジャルの公式チャンネルです！ 日々の活動をドンドンUPしていきます！！ ジャルジャルがネタ帳に書き留めたネタになる...,2019-09-19T09:00:00.000Z
i_XpwEohjng,『焦らんタイプの奴』ジャルジャルのネタのタネ【JARUJARUTOWER】,このチャンネルはジャルジャルの公式チャンネルです！ 日々の活動をドンドンUPしていきます！！ ジャルジャルがネタ帳に書き留めたネタになる...,2019-09-18T09:00:12.000Z
5avDGZu7FAI,『カラオケ延長するかどうかわからん奴』ジャルジャルのネタのタネ【JARUJARUTOWER】,このチャンネルはジャルジャルの公式チャンネルです！ 日々の活動をドンドンUPしていきます！！ ジャルジャルがネタ帳に書き留めたネタになる...,2019-09-14T09:00:02.000Z
MgPH9moXd7U,『革ジャン着てる和食料理人な奴』ジャルジャルのネタのタネ【JARUJARUTOWER】,このチャンネルはジャルジャルの公式チャンネルです！ 日々の活動をドンドンUPしていきます！！ ジャルジャルがネタ帳に書き留めたネタになる...,2019-09-13T09:00:04.000Z
FGi-PRGC0ZE,『笑うときバシバシ叩く奴』ジャルジャルのネタのタネ【JARUJARUTOWER】,このチャンネルはジャルジャルの公式チャンネルです！ 日々の活動をドンドンUPしていきます！！ ジャルジャルがネタ帳に書き留めたネタになる...,2019-09-12T09:00:03.000Z
evN6vhOXfhg,『ツッコミ下手な関東人に頑張って喋りかける奴』ジャルジャルのネタのタネ【JARUJARUTOWER】,このチャンネルはジャルジャルの公式チャンネルです！ 日々の活動をドンドンUPしていきます！！ ジャルジャルがネタ帳に書き留めたネタになる...,2019-09-11T09:00:08.000Z
XX6EOBjIUXU,『無名のミュージシャンに取材する奴』ジャルジャルのネタのタネ【JARUJARUTOWER】,このチャンネルはジャルジャルの公式チャンネルです！ 日々の活動をドンドンUPしていきます！！ ジャルジャルがネタ帳に書き留めたネタになる...,2019-09-10T09:00:09.000Z
9h9kg62-QMQ,『失礼なこと言われてもグッとこらえる奴』ジャルジャルのネタのタネ【JARUJARUTOWER】,このチャンネルはジャルジャルの公式チャンネルです！ 日々の活動をドンドンUPしていきます！！ ジャルジャルがネタ帳に書き留めたネタになる...,2019-09-09T09:00:00.000Z
xMypq32ThsI,『「続いてはジョージのコーナーです！」って言わされる奴』ジャルジャルのネタのタネ【JARUJARUTOWER】,このチャンネルはジャルジャルの公式チャンネルです！ 日々の活動をドンドンUPしていきます！！ ジャルジャルがネタ帳に書き留めたネタになる...,2019-09-08T09:00:12.000Z
psU8wybcKt4,『客逃す奴』ジャルジャルのネタのタネ【JARUJARUTOWER】,このチャンネルはジャルジャルの公式チャンネルです！ 日々の活動をドンドンUPしていきます！！ ジャルジャルがネタ帳に書き留めたネタになる...,2019-09-07T09:00:12.000Z
tIEluoU6M4s,『チャラ男番長のネタを見る奴 パート38』ジャルジャルのネタのタネ【JARUJARUTOWER】,このチャンネルはジャルジャルの公式チャンネルです！ 日々の活動をドンドンUPしていきます！！ ジャルジャルがネタ帳に書き留めたネタになる...,2019-09-06T09:00:16.000Z
RNC8LvbH_OE,『そりゃモノマネされる奴をモノマネする南っていう奴』ジャルジャルのネタのタネ【JARUJARUTOWER】,このチャンネルはジャルジャルの公式チャンネルです！ 日々の活動をドンドンUPしていきます！！ ジャルジャルがネタ帳に書き留めたネタになる...,2019-09-04T09:00:05.000Z
eLcLnUAp8bc,『バイト面接を受ける、関東出身のツッコミ下手な人な奴』ジャルジャルのネタのタネ【JARUJARUTOWER】,このチャンネルはジャルジャルの公式チャンネルです！ 日々の活動をドンドンUPしていきます！！ ジャルジャルがネタ帳に書き留めたネタになる...,2019-09-03T09:00:09.000Z
Lt0n4oIyn24,『昼休みにタトゥー入れた奴』ジャルジャルのネタのタネ【JARUJARUTOWER】,このチャンネルはジャルジャルの公式チャンネルです！ 日々の活動をドンドンUPしていきます！！ ジャルジャルがネタ帳に書き留めたネタになる...,2019-09-02T09:00:10.000Z
HsiyEMuTqOQ,『低姿勢頑固大将な奴』ジャルジャルのネタのタネ【JARUJARUTOWER】,このチャンネルはジャルジャルの公式チャンネルです！ 日々の活動をドンドンUPしていきます！！ ジャルジャルがネタ帳に書き留めたネタになる...,2019-09-01T09:00:06.000Z
r39HgtdJnfg,『客どかす奴』ジャルジャルのネタのタネ【JARUJARUTOWER】,このチャンネルはジャルジャルの公式チャンネルです！ 日々の活動をドンドンUPしていきます！！ ジャルジャルがネタ帳に書き留めたネタになる...,2019-08-31T09:00:16.000Z
4YCb_CJkAF8,『ふち金髪された奴』ジャルジャルのネタのタネ【JARUJARUTOWER】,このチャンネルはジャルジャルの公式チャンネルです！ 日々の活動をドンドンUPしていきます！！ ジャルジャルがネタ帳に書き留めたネタになる...,2019-08-29T09:00:03.000Z
EimMH-Tj5dU,『タトゥーの痛み耐えられへん奴』ジャルジャルのネタのタネ【JARUJARUTOWER】,このチャンネルはジャルジャルの公式チャンネルです！ 日々の活動をドンドンUPしていきます！！ ジャルジャルがネタ帳に書き留めたネタになる...,2019-08-28T09:00:05.000Z
DsyW7dBpp08,『南っていう奴〜バイトの面接〜』ジャルジャルのネタのタネ【JARUJARUTOWER】,このチャンネルはジャルジャルの公式チャンネルです！ 日々の活動をドンドンUPしていきます！！ ジャルジャルがネタ帳に書き留めたネタになる...,2019-08-27T09:00:02.000Z
UseRaR6gHD8,『写真撮る時、顔にチャラさ出る奴』ジャルジャルのネタのタネ【JARUJARUTOWER】,このチャンネルはジャルジャルの公式チャンネルです！ 日々の活動をドンドンUPしていきます！！ ジャルジャルがネタ帳に書き留めたネタになる...,2019-08-25T09:00:09.000Z
Lrm3j56eJ5I,『ヤツって言う奴』ジャルジャルのネタのタネ【JARUJARUTOWER】,このチャンネルはジャルジャルの公式チャンネルです！ 日々の活動をドンドンUPしていきます！！ ジャルジャルがネタ帳に書き留めたネタになる...,2019-08-24T09:00:05.000Z
d6YhT25_IT8,『再会を予言したこと忘れる奴』ジャルジャルのネタのタネ【JARUJARUTOWER】,このチャンネルはジャルジャルの公式チャンネルです！ 日々の活動をドンドンUPしていきます！！ ジャルジャルがネタ帳に書き留めたネタになる...,2019-08-22T09:00:05.000Z
9v62OXOa_CI,『顔つる奴』ジャルジャルのネタのタネ【JARUJARUTOWER】,このチャンネルはジャルジャルの公式チャンネルです！ 日々の活動をドンドンUPしていきます！！ ジャルジャルがネタ帳に書き留めたネタになる...,2019-08-21T09:00:02.000Z
ZqNrR9uQyto,ジャルっと！爆ハリ！＃171,このチャンネルはジャルジャルの公式チャンネルです！ 日々の活動をドンドンUPしていきます！！ ジャルジャルがネタ帳に書き留めたネタになる...,2019-08-19T09:00:05.000Z
krFc0_M4XWY,『言語覚える天才な奴』ジャルジャルのネタのタネ【JARUJARUTOWER】,このチャンネルはジャルジャルの公式チャンネルです！ 日々の活動をドンドンUPしていきます！！ ジャルジャルがネタ帳に書き留めたネタになる...,2019-08-19T09:00:07.000Z
wTK1pMU3ZBA,『勇気、持続せーへん奴』ジャルジャルのネタのタネ【JARUJARUTOWER】,このチャンネルはジャルジャルの公式チャンネルです！ 日々の活動をドンドンUPしていきます！！ ジャルジャルがネタ帳に書き留めたネタになる...,2019-08-18T09:00:09.000Z
ctSJkyyLK50,『入院してる病室教えへん奴』ジャルジャルのネタのタネ【JARUJARUTOWER】,このチャンネルはジャルジャルの公式チャンネルです！ 日々の活動をドンドンUPしていきます！！ ジャルジャルがネタ帳に書き留めたネタになる...,2019-08-16T09:00:15.000Z
digaQhVm020,『密着ＯＫ、カメラＮＧな奴』ジャルジャルのネタのタネ【JARUJARUTOWER】,このチャンネルはジャルジャルの公式チャンネルです！ 日々の活動をドンドンUPしていきます！！ ジャルジャルがネタ帳に書き留めたネタになる...,2019-08-15T09:00:14.000Z
8M6JrkLAuoE,『木片でどつく奴』ジャルジャルのネタのタネ【JARUJARUTOWER】,このチャンネルはジャルジャルの公式チャンネルです！ 日々の活動をドンドンUPしていきます！！ ジャルジャルがネタ帳に書き留めたネタになる...,2019-08-13T09:00:00.000Z
yHo3UGtl7L0,じゃルっと！爆ハリ！＃170,このチャンネルはジャルジャルの公式チャンネルです！ 日々の活動をドンドンUPしていきます！！ ジャルジャルがネタ帳に書き留めたネタになる...,2019-08-12T09:00:08.000Z
1E8ifWALfD4,『そば息子やのにダメ息子の奴』ジャルジャルのネタのタネ【JARUJARUTOWER】,このチャンネルはジャルジャルの公式チャンネルです！ 日々の活動をドンドンUPしていきます！！ ジャルジャルがネタ帳に書き留めたネタになる...,2019-08-12T09:00:00.000Z
u0WMN9vOAvY,『堂々としてたけど本当は怖かった奴』ジャルジャルのネタのタネ【JARUJARUTOWER】,このチャンネルはジャルジャルの公式チャンネルです！ 日々の活動をドンドンUPしていきます！！ ジャルジャルがネタ帳に書き留めたネタになる...,2019-08-11T09:00:07.000Z
RAj_jVGIK7k,『日常、オノバサミな奴』ジャルジャルのネタのタネ【JARUJARUTOWER】,このチャンネルはジャルジャルの公式チャンネルです！ 日々の活動をドンドンUPしていきます！！ ジャルジャルがネタ帳に書き留めたネタになる...,2019-08-10T09:00:04.000Z
CMztIqNLdZs,『地声良いのに歌声普通の奴』ジャルジャルのネタのタネ【JARUJARUTOWER】,このチャンネルはジャルジャルの公式チャンネルです！ 日々の活動をドンドンUPしていきます！！ ジャルジャルがネタ帳に書き留めたネタになる...,2019-08-09T09:00:00.000Z
9MjTFALthfU,『空手でスコップ使う奴』ジャルジャルのネタのタネ【JARUJARUTOWER】,このチャンネルはジャルジャルの公式チャンネルです！ 日々の活動をドンドンUPしていきます！！ ジャルジャルがネタ帳に書き留めたネタになる...,2019-08-08T09:00:02.000Z
YewBdWiFAXw,『３分の漫才を１分に縮める奴』ジャルジャルのネタのタネ【JARUJARUTOWER】,このチャンネルはジャルジャルの公式チャンネルです！ 日々の活動をドンドンUPしていきます！！ ジャルジャルがネタ帳に書き留めたネタになる...,2019-08-07T09:00:04.000Z
N5kqPXc2l0o,『南っていう奴〜店予約電話〜』ジャルジャルのネタのタネ【JARUJARUTOWER】,このチャンネルはジャルジャルの公式チャンネルです！ 日々の活動をドンドンUPしていきます！！ ジャルジャルがネタ帳に書き留めたネタになる...,2019-08-05T09:00:02.000Z
JxrETwzTuf8,ジャルっと！爆ハリ！#169,このチャンネルはジャルジャルの公式チャンネルです！ 日々の活動をドンドンUPしていきます！！ ジャルジャルがネタ帳に書き留めたネタになる...,2019-08-05T09:00:03.000Z
J3x02gpZR1s,『デコ狭いのにキレやすい奴』ジャルジャルのネタのタネ【JARUJARUTOWER】,このチャンネルはジャルジャルの公式チャンネルです！ 日々の活動をドンドンUPしていきます！！ ジャルジャルがネタ帳に書き留めたネタになる...,2019-08-04T09:00:04.000Z
QFdRDUWvfNQ,『チャラ男番長のネタを見る奴 パート35』ジャルジャルのネタのタネ【JARUJARUTOWER】,このチャンネルはジャルジャルの公式チャンネルです！ 日々の活動をドンドンUPしていきます！！ ジャルジャルがネタ帳に書き留めたネタになる...,2019-08-03T09:00:03.000Z
0D2JXaK0qNo,『「あちゃー」って言うてくる奴』ジャルジャルのネタのタネ【JARUJARUTOWER】,このチャンネルはジャルジャルの公式チャンネルです！ 日々の活動をドンドンUPしていきます！！ ジャルジャルがネタ帳に書き留めたネタになる...,2019-08-02T09:00:00.000Z
7s3_EEJbAYQ,『なかよしっぱなな奴』ジャルジャルのネタのタネ【JARUJARUTOWER】,このチャンネルはジャルジャルの公式チャンネルです！ 日々の活動をドンドンUPしていきます！！ ジャルジャルがネタ帳に書き留めたネタになる...,2019-08-01T09:00:01.000Z
KttXA0pGfQs,『サラ毛ヘルメット坊主の奴』ジャルジャルのネタのタネ【JARUJARUTOWER】,このチャンネルはジャルジャルの公式チャンネルです！ 日々の活動をドンドンUPしていきます！！ ジャルジャルがネタ帳に書き留めたネタになる...,2019-07-31T09:00:03.000Z
d_VmUKEOQjE,『南っていう奴〜銀行強盗〜』ジャルジャルのネタのタネ【JARUJARUTOWER】,このチャンネルはジャルジャルの公式チャンネルです！ 日々の活動をドンドンUPしていきます！！ ジャルジャルがネタ帳に書き留めたネタになる...,2019-07-30T09:00:13.000Z
C-EvvDnGKgg,ジャルっと！爆ハリ！#168,このチャンネルはジャルジャルの公式チャンネルです！ 日々の活動をドンドンUPしていきます！！ ジャルジャルがネタ帳に書き留めたネタになる...,2019-07-29T09:00:00.000Z
eRPgIOl6VHI,『ブラジル卓球のカルデラノをしてる奴』ジャルジャルのネタのタネ【JARUJARUTOWER】,このチャンネルはジャルジャルの公式チャンネルです！ 日々の活動をドンドンUPしていきます！！ ジャルジャルがネタ帳に書き留めたネタになる...,2019-07-29T09:00:04.000Z
VVna70cuoaM,『１年間けん玉練習するって言って、しなかった奴』ジャルジャルのネタのタネ【JARUJARUTOWER】,このチャンネルはジャルジャルの公式チャンネルです！ 日々の活動をドンドンUPしていきます！！ ジャルジャルがネタ帳に書き留めたネタになる...,2019-07-28T09:00:04.000Z
4SLpK7Phy-c,『無駄にムキムキなった奴』ジャルジャルのネタのタネ【JARUJARUTOWER】,このチャンネルはジャルジャルの公式チャンネルです！ 日々の活動をドンドンUPしていきます！！ ジャルジャルがネタ帳に書き留めたネタになる...,2019-07-26T09:00:00.000Z
gvJtxDTnPLQ,『話し合い進まない奴』ジャルジャルのネタのタネ【JARUJARUTOWER】,このチャンネルはジャルジャルの公式チャンネルです！ 日々の活動をドンドンUPしていきます！！ ジャルジャルがネタ帳に書き留めたネタになる...,2019-07-24T09:00:12.000Z
K1t2_dCJr48,コメント読む奴〜6月編〜,このチャンネルはジャルジャルの公式チャンネルです！ コメントを読む奴は今後、毎月発表して行きます！ 更新は撮影の関係で固定の曜日ではあ...,2019-07-23T09:00:02.000Z
QhtMB3UDmnc,『「つー！」って言う奴』ジャルジャルのネタのタネ【JARUJARUTOWER】,このチャンネルはジャルジャルの公式チャンネルです！ 日々の活動をドンドンUPしていきます！！ ジャルジャルがネタ帳に書き留めたネタになる...,2019-07-23T09:00:02.000Z
KJ5M_bvekHU,『わだかまり感じる奴』ジャルジャルのネタのタネ【JARUJARUTOWER】,このチャンネルはジャルジャルの公式チャンネルです！ 日々の活動をドンドンUPしていきます！！ ジャルジャルがネタ帳に書き留めたネタになる...,2019-07-22T09:00:09.000Z
hKKn5AHYK4E,ジャルっと！爆ハリ！#167,このチャンネルはジャルジャルの公式チャンネルです！ 日々の活動をドンドンUPしていきます！！ ジャルジャルがネタ帳に書き留めたネタになる...,2019-07-22T09:00:10.000Z
ViExjY_tWO4,『南っていう奴〜家庭教師〜』ジャルジャルのネタのタネ【JARUJARUTOWER】,このチャンネルはジャルジャルの公式チャンネルです！ 日々の活動をドンドンUPしていきます！！ ジャルジャルがネタ帳に書き留めたネタになる...,2019-07-21T09:00:03.000Z
SXMbT-semDI,『会話の間で黙る奴』ジャルジャルのネタのタネ【JARUJARUTOWER】,このチャンネルはジャルジャルの公式チャンネルです！ 日々の活動をドンドンUPしていきます！！ ジャルジャルがネタ帳に書き留めたネタになる...,2019-07-19T09:00:04.000Z
k4GyvUH1J5g,『お互いにきしょいと思い合ってる奴』ジャルジャルのネタのタネ【JARUJARUTOWER】,このチャンネルはジャルジャルの公式チャンネルです！ 日々の活動をドンドンUPしていきます！！ ジャルジャルがネタ帳に書き留めたネタになる...,2019-07-18T09:00:07.000Z
2zvAnCDprZs,『殴られるん下手な奴』ジャルジャルのネタのタネ【JARUJARUTOWER】,このチャンネルはジャルジャルの公式チャンネルです！ 日々の活動をドンドンUPしていきます！！ ジャルジャルがネタ帳に書き留めたネタになる...,2019-07-17T09:00:02.000Z
94jmvfkaYQc,『高学歴やけど不採用なる奴』ジャルジャルのネタのタネ【JARUJARUTOWER】,このチャンネルはジャルジャルの公式チャンネルです！ 日々の活動をドンドンUPしていきます！！ ジャルジャルがネタ帳に書き留めたネタになる...,2019-07-15T09:00:04.000Z
b59aeI6c8oI,『珍しい名前のせいで不採用なる奴』ジャルジャルのネタのタネ【JARUJARUTOWER】,このチャンネルはジャルジャルの公式チャンネルです！ 日々の活動をドンドンUPしていきます！！ ジャルジャルがネタ帳に書き留めたネタになる...,2019-07-12T09:00:10.000Z
bf_xxwD3pKg,『滑舌良すぎて、話逸れる奴』ジャルジャルのネタのタネ【JARUJARUTOWER】,このチャンネルはジャルジャルの公式チャンネルです！ 日々の活動をドンドンUPしていきます！！ ジャルジャルがネタ帳に書き留めたネタになる...,2019-07-11T09:00:10.000Z
CxIrO3UC0iQ,『壁茶色やから帰る奴』ジャルジャルのネタのタネ【JARUJARUTOWER】,このチャンネルはジャルジャルの公式チャンネルです！ 日々の活動をドンドンUPしていきます！！ ジャルジャルがネタ帳に書き留めたネタになる...,2019-07-09T09:00:00.000Z
3scDFfQV0XY,『「個々あっつー」って言う奴』ジャルジャルのネタのタネ【JARUJARUTOWER】,このチャンネルはジャルジャルの公式チャンネルです！ 日々の活動をドンドンUPしていきます！！ ジャルジャルがネタ帳に書き留めたネタになる...,2019-07-07T09:00:02.000Z
t1UZ9o-OKzw,『くすぐりたい奴とネタ入りたい奴』ジャルジャルのネタのタネ【JARUJARUTOWER】,このチャンネルはジャルジャルの公式チャンネルです！ 日々の活動をドンドンUPしていきます！！ ジャルジャルがネタ帳に書き留めたネタになる...,2019-06-29T09:00:10.000Z
XkzZT62ALkA,『ギャグ魔神に「サブい」って言う奴』ジャルジャルのネタのタネ【JARUJARUTOWER】,このチャンネルはジャルジャルの公式チャンネルです！ 日々の活動をドンドンUPしていきます！！ ジャルジャルがネタ帳に書き留めたネタになる...,2019-06-27T09:00:06.000Z
Q-x7ify6vnI,『結局何も生み出さない奴』ジャルジャルのネタのタネ【JARUJARUTOWER】,このチャンネルはジャルジャルの公式チャンネルです！ 日々の活動をドンドンUPしていきます！！ ジャルジャルがネタ帳に書き留めたネタになる...,2019-06-23T09:00:06.000Z
W1xsVMN74R8,『あまりにも感覚違う奴』ジャルジャルのネタのタネ【JARUJARUTOWER】,このチャンネルはジャルジャルの公式チャンネルです！ 日々の活動をドンドンUPしていきます！！ ジャルジャルがネタ帳に書き留めたネタになる...,2019-06-21T09:00:05.000Z
o5n24MtNFzo,『正直者やけどヤバい奴』ジャルジャルのネタのタネ【JARUJARUTOWER】,このチャンネルはジャルジャルの公式チャンネルです！ 日々の活動をドンドンUPしていきます！！ ジャルジャルがネタ帳に書き留めたネタになる...,2019-06-20T09:00:06.000Z
PIiLsb9a2Ig,『相方を理解できない奴』ジャルジャルのネタのタネ【JARUJARUTOWER】,このチャンネルはジャルジャルの公式チャンネルです！ 日々の活動をドンドンUPしていきます！！ ジャルジャルがネタ帳に書き留めたネタになる...,2019-06-19T09:00:02.000Z
Z_V5wzgFbZU,『けん玉成功したら1000万円もらえる奴』ジャルジャルのネタのタネ【JARUJARUTOWER】,このチャンネルはジャルジャルの公式チャンネルです！ 日々の活動をドンドンUPしていきます！！ ジャルジャルがネタ帳に書き留めたネタになる...,2019-06-18T09:00:04.000Z
8eWbLeoKIqw,『コメント読む奴〜5月編〜』ジャルジャルのネタのタネ【JARUJARUTOWER】,このチャンネルはジャルジャルの公式チャンネルです！ コメントを読む奴は今後、毎月発表して行きます！ 更新は撮影の関係で固定の曜日ではあ...,2019-06-18T09:00:00.000Z
itEIyoheRlg,『南っていう奴〜停電〜』ジャルジャルのネタのタネ【JARUJARUTOWER】,このチャンネルはジャルジャルの公式チャンネルです！ 日々の活動をドンドンUPしていきます！！ ジャルジャルがネタ帳に書き留めたネタになる...,2019-06-17T09:00:08.000Z
1o-JzOauoIY,『死にかけている人に気付かない奴』ジャルジャルのネタのタネ【JARUJARUTOWER】,このチャンネルはジャルジャルの公式チャンネルです！ 日々の活動をドンドンUPしていきます！！ ジャルジャルがネタ帳に書き留めたネタになる...,2019-06-14T09:00:00.000Z
ksziOQKbibI,『電球変える人と気まずい奴』ジャルジャルのネタのタネ【JARUJARUTOWER】,このチャンネルはジャルジャルの公式チャンネルです！ 日々の活動をドンドンUPしていきます！！ ジャルジャルがネタ帳に書き留めたネタになる...,2019-06-11T09:00:09.000Z
CNv0Eoqb0k0,『隣人うるさい奴』ジャルジャルのネタのタネ【JARUJARUTOWER】,このチャンネルはジャルジャルの公式チャンネルです！ 日々の活動をドンドンUPしていきます！！ ジャルジャルがネタ帳に書き留めたネタになる...,2019-06-09T09:00:00.000Z
nV70oUVJE5Q,『高卒と中卒の奴』ジャルジャルのネタのタネ【JARUJARUTOWER】,このチャンネルはジャルジャルの公式チャンネルです！ 日々の活動をドンドンUPしていきます！！ ジャルジャルがネタ帳に書き留めたネタになる...,2019-06-08T09:00:06.000Z
-_c0BzA1EJ8,『南っていう奴〜サングラス〜』ジャルジャルのネタのタネ【JARUJARUTOWER】,このチャンネルはジャルジャルの公式チャンネルです！ 日々の活動をドンドンUPしていきます！！ ジャルジャルがネタ帳に書き留めたネタになる...,2019-06-06T09:00:00.000Z
qQHWmF9cSSQ,『変な奴になってもた奴』ジャルジャルのネタのタネ【JARUJARUTOWER】,このチャンネルはジャルジャルの公式チャンネルです！ 日々の活動をドンドンUPしていきます！！ ジャルジャルがネタ帳に書き留めたネタになる...,2019-06-05T09:00:07.000Z
EM2bJxrm7oE,『イメージで名前つける奴』ジャルジャルのネタのタネ【JARUJARUTOWER】,このチャンネルはジャルジャルの公式チャンネルです！ 日々の活動をドンドンUPしていきます！！ ジャルジャルがネタ帳に書き留めたネタになる...,2019-06-03T09:00:00.000Z
f9l9RWlHeTg,『待てない空気作る奴』ジャルジャルのネタのタネ【JARUJARUTOWER】,このチャンネルはジャルジャルの公式チャンネルです！ 日々の活動をドンドンUPしていきます！！ ジャルジャルがネタ帳に書き留めたネタになる...,2019-06-01T09:00:04.000Z
pMoK6kUUDiU,『飯食うてる奴』ジャルジャルのネタのタネ【JARUJARUTOWER】,このチャンネルはジャルジャルの公式チャンネルです！ 日々の活動をドンドンUPしていきます！！ ジャルジャルがネタ帳に書き留めたネタになる...,2019-05-30T09:00:07.000Z
WUI3u9Q6abI,『コントと現実の違い見せる奴』ジャルジャルのネタのタネ【JARUJARUTOWER】,このチャンネルはジャルジャルの公式チャンネルです！ 日々の活動をドンドンUPしていきます！！ ジャルジャルがネタ帳に書き留めたネタになる...,2019-05-26T09:00:06.000Z
PuEwhbEvydY,『必死にネタを思い出す奴』ジャルジャルのネタのタネ【JARUJARUTOWER】,このチャンネルはジャルジャルの公式チャンネルです！ 日々の活動をドンドンUPしていきます！！ ジャルジャルがネタ帳に書き留めたネタになる...,2019-05-18T09:00:03.000Z
yn0kScjpM5M,『漫才中、横柄な奴』ジャルジャルのネタのタネ【JARUJARUTOWER】,このチャンネルはジャルジャルの公式チャンネルです！ 日々の活動をドンドンUPしていきます！！ ジャルジャルがネタ帳に書き留めたネタになる...,2019-05-16T09:00:08.000Z
pjJNQ1tvYLw,『南っていう奴〜しりとり〜』ジャルジャルのネタのタネ【JARUJARUTOWER】,このチャンネルはジャルジャルの公式チャンネルです！ 日々の活動をドンドンUPしていきます！！ ジャルジャルがネタ帳に書き留めたネタになる...,2019-05-14T09:00:06.000Z
yEaigqvyzqA,『祭りしか言わん奴』ジャルジャルのネタのタネ【JARUJARUTOWER】,このチャンネルはジャルジャルの公式チャンネルです！ 日々の活動をドンドンUPしていきます！！ ジャルジャルがネタ帳に書き留めたネタになる...,2019-05-13T09:00:14.000Z
r2AS6A6uqG0,『ボスとジョボっていう奴』ジャルジャルのネタのタネ【JARUJARUTOWER】,このチャンネルはジャルジャルの公式チャンネルです！ 日々の活動をドンドンUPしていきます！！ ジャルジャルがネタ帳に書き留めたネタになる...,2019-05-12T09:00:07.000Z
mlMElwFGx4c,１億回記念！本気ネタ！『南っていう奴②』【JARUJARUTOWER】,ジャルジャルが毎日１本ネタを無料配信するYoutube公式チャンネル「JARU JARU TOWER」で配信している動画の合計再生回数が1億回を突破しました。...,2019-05-12T03:00:03.000Z
0njbpGVrfTo,１億回記念！本気ネタ！『演歌でオーディション受ける奴』【JARUJARUTOWER】,ジャルジャルが毎日１本ネタを無料配信するYoutube公式チャンネル「JARU JARU TOWER」で配信している動画の合計再生回数が1億回を突破しました。...,2019-05-12T03:00:00.000Z
s0X3-Hv5GBk,１億回記念！本気ネタ！『服小さい奴』【JARUJARUTOWER】,ジャルジャルが毎日１本ネタを無料配信するYoutube公式チャンネル「JARU JARU TOWER」で配信している動画の合計再生回数が1億回を突破しました。...,2019-05-12T03:00:05.000Z
XC40Vw4quJw,１億回記念！本気ネタ！『フィリピン語で数学数える奴』【JARUJARUTOWER】,ジャルジャルが毎日１本ネタを無料配信するYoutube公式チャンネル「JARU JARU TOWER」で配信している動画の合計再生回数が1億回を突破しました。...,2019-05-12T03:00:02.000Z
Dyhe_loo6xc,１億回記念！本気ネタ！『手品成功してガッツポーズしまくる奴』【JARUJARUTOWER】,ジャルジャルが毎日１本ネタを無料配信するYoutube公式チャンネル「JARU JARU TOWER」で配信している動画の合計再生回数が1億回を突破しました。...,2019-05-12T03:00:02.000Z
V_b9xpHkAQs,１億回記念！本気ネタ！『歌うんハズい奴』【JARUJARUTOWER】,ジャルジャルが毎日１本ネタを無料配信するYoutube公式チャンネル「JARU JARU TOWER」で配信している動画の合計再生回数が1億回を突破しました。...,2019-05-12T03:00:03.000Z
AOtvUnalVYc,１億回記念！本気ネタ！『ハズレの先生が担任になった奴』【JARUJARUTOWER】,ジャルジャルが毎日１本ネタを無料配信するYoutube公式チャンネル「JARU JARU TOWER」で配信している動画の合計再生回数が1億回を突破しました。...,2019-05-12T03:00:00.000Z
8FMnBXyks-I,１億回記念！本気ネタ！『大尻•凡尻歌う奴』【JARUJARUTOWER】,ジャルジャルが毎日１本ネタを無料配信するYoutube公式チャンネル「JARU JARU TOWER」で配信している動画の合計再生回数が1億回を突破しました。...,2019-05-12T03:00:02.000Z
sue20eNdbvI,１億回記念！本気ネタ！『男子高校生のくせにアイドル目線な歌を作る奴』【JARUJARUTOWER】,ジャルジャルが毎日１本ネタを無料配信するYoutube公式チャンネル「JARU JARU TOWER」で配信している動画の合計再生回数が1億回を突破しました！...,2019-05-12T03:00:02.000Z
3PSPuIO2Yno,１億回記念！本気ネタ！『男なのに女子バレー部の試合呼ばれた奴』【JARUJARUTOWER】,ジャルジャルが毎日１本ネタを無料配信するYoutube公式チャンネル「JARU JARU TOWER」で配信している動画の合計再生回数が1億回を突破しました。...,2019-05-12T03:00:01.000Z
h-6GSPQdnI4,１億回記念！本気ネタ！『江戸っ子探偵練習させられる奴』【JARUJARUTOWER】,ジャルジャルが毎日１本ネタを無料配信するYoutube公式チャンネル「JARU JARU TOWER」で配信している動画の合計再生回数が1億回を突破しました。...,2019-05-12T03:00:04.000Z
C-pWFg-xkgM,１億回記念！本気ネタ！『めっちゃ練習する奴』【JARUJARUTOWER】,ジャルジャルが毎日１本ネタを無料配信するYoutube公式チャンネル「JARU JARU TOWER」で配信している動画の合計再生回数が1億回を突破しました。...,2019-05-12T03:00:02.000Z
r1wUKfGtRxU,１億回記念！本気ネタ！『ハゲてもうてる奴』【JARUJARUTOWER】,ジャルジャルが毎日１本ネタを無料配信するYoutube公式チャンネル「JARU JARU TOWER」で配信している動画の合計再生回数が1億回を突破しました。...,2019-05-12T03:00:03.000Z
yp9wu86XorI,１億回記念！本気ネタ！『何回も部屋入ってくる奴』【JARUJARUTOWER】,ジャルジャルが毎日１本ネタを無料配信するYoutube公式チャンネル「JARU JARU TOWER」で配信している動画の合計再生回数が1億回を突破しました。...,2019-05-12T03:00:04.000Z
XqIHqB1ywtY,１億回記念！本気ネタ！『くしゃみとゲップとあくび変な奴』【JARUJARUTOWER】,ジャルジャルが毎日１本ネタを無料配信するYoutube公式チャンネル「JARU JARU TOWER」で配信している動画の合計再生回数が1億回を突破しました。...,2019-05-12T03:00:00.000Z
Da5oLapquOI,１億回記念！本気ネタ！『「違いますよ」って言う奴』【JARUJARUTOWER】,ジャルジャルが毎日１本ネタを無料配信するYoutube公式チャンネル「JARU JARU TOWER」で配信している動画の合計再生回数が1億回を突破しました。...,2019-05-12T03:00:01.000Z
Wp_TIpFbq6M,１億回記念！本気ネタ！『声細い奴と声太い奴』【JARUJARUTOWER】,ジャルジャルが毎日１本ネタを無料配信するYoutube公式チャンネル「JARU JARU TOWER」で配信している動画の合計再生回数が1億回を突破しました。...,2019-05-12T03:00:02.000Z
cJnWv-i0Gyo,１億回記念！本気ネタ！『落語家か演歌歌手かわからん奴』【JARUJARUTOWER】,ジャルジャルが毎日１本ネタを無料配信するYoutube公式チャンネル「JARU JARU TOWER」で配信している動画の合計再生回数が1億回を突破しました。...,2019-05-12T03:00:02.000Z
n5462bVTJY8,１億回記念！本気ネタ！『怒鳴り返されたん気付かん奴』【JARUJARUTOWER】,ジャルジャルが毎日１本ネタを無料配信するYoutube公式チャンネル「JARU JARU TOWER」で配信している動画の合計再生回数が1億回を突破しました。...,2019-05-12T03:00:07.000Z
bOfKhCUXfhE,１億回記念！本気ネタ！『凄いショーする奴』【JARUJARUTOWER】,ジャルジャルが毎日１本ネタを無料配信するYoutube公式チャンネル「JARU JARU TOWER」で配信している動画の合計再生回数が1億回を突破しました。...,2019-05-12T03:00:00.000Z
_DbW7lxGdIs,１億回記念！本気ネタ！『本番だけ滑舌悪い奴』【JARUJARUTOWER】,ジャルジャルが毎日１本ネタを無料配信するYoutube公式チャンネル「JARU JARU TOWER」で配信している動画の合計再生回数が1億回を突破しました。...,2019-05-12T03:00:03.000Z
NE7uHTxUJgM,１億回記念！本気ネタ！『チャラ男番長っていう奴』【JARUJARUTOWER】,ジャルジャルが毎日１本ネタを無料配信するYoutube公式チャンネル「JARU JARU TOWER」で配信している動画の合計再生回数が1億回を突破しました。...,2019-05-12T03:00:00.000Z
9Fj1hcUf8gE,１億回記念！本気ネタ！『どんどん案、出す奴』【JARUJARUTOWER】,ジャルジャルが毎日１本ネタを無料配信するYoutube公式チャンネル「JARU JARU TOWER」で配信している動画の合計再生回数が1億回を突破しました。...,2019-05-12T03:00:02.000Z
Xrilg7Rs_3M,１億回記念！本気ネタ！『ちゃう奴呼んでもた奴』【JARUJARUTOWER】,ジャルジャルが毎日１本ネタを無料配信するYoutube公式チャンネル「JARU JARU TOWER」で配信している動画の合計再生回数が1億回を突破しました。...,2019-05-12T03:00:06.000Z
lXOeDJR5LJc,１億回記念！本気ネタ！『南っていう奴』【JARUJARUTOWER】,ジャルジャルが毎日１本ネタを無料配信するYoutube公式チャンネル「JARU JARU TOWER」で配信している動画の合計再生回数が1億回を突破しました。...,2019-05-12T03:00:03.000Z
5GCQ1gDU8zk,１億回記念！本気ネタ！『若ハゲサンキューっていう芸名の奴』【JARUJARUTOWER】,ジャルジャルが毎日１本ネタを無料配信するYoutube公式チャンネル「JARU JARU TOWER」で配信している動画の合計再生回数が1億回を突破しました。...,2019-05-12T03:00:00.000Z
19KGYFH1hRo,１億回記念！本気ネタ！『知らん奴に声かけられた奴』【JARUJARUTOWER】,ジャルジャルが毎日１本ネタを無料配信するYoutube公式チャンネル「JARU JARU TOWER」で配信している動画の合計再生回数が1億回を突破しました。...,2019-05-12T03:00:02.000Z
DaCmjtB-5To,１億回記念！本気ネタ！『押しドア、引きドア、間違える奴』【JARUJARUTOWER】,ジャルジャルが毎日１本ネタを無料配信するYoutube公式チャンネル「JARU JARU TOWER」で配信している動画の合計再生回数が1億回を突破しました。...,2019-05-12T03:00:01.000Z
RS7XxJSsKkc,１億回記念！本気ネタ！『暇すぎて、面白いゲームする奴』【JARUJARUTOWER】,ジャルジャルが毎日１本ネタを無料配信するYoutube公式チャンネル「JARU JARU TOWER」で配信している動画の合計再生回数が1億回を突破しました。...,2019-05-12T03:00:03.000Z
qEfcEohzYrU,１億回記念！本気ネタ！『落語長すぎる奴』【JARUJARUTOWER】,ジャルジャルが毎日１本ネタを無料配信するYoutube公式チャンネル「JARU JARU TOWER」で配信している動画の合計再生回数が1億回を突破しました。...,2019-05-12T03:00:07.000Z
WDDPudbjlOE,１億回記念！本気ネタ！『ウルフルズに影響されている奴』【JARUJARUTOWER】,ジャルジャルが毎日１本ネタを無料配信するYoutube公式チャンネル「JARU JARU TOWER」で配信している動画の合計再生回数が1億回を突破しました。...,2019-05-12T03:00:02.000Z
bvFb1Wn9c8M,１億回記念！本気ネタ！『うろ覚えで路上ライブする奴』【JARUJARUTOWER】,ジャルジャルが毎日１本ネタを無料配信するYoutube公式チャンネル「JARU JARU TOWER」で配信している動画の合計再生回数が1億回を突破しました。...,2019-05-12T03:00:04.000Z
wF8ym8u5Cx8,『父の日のプレゼント受け取ってもらえへん奴』ジャルジャルのネタのタネ【JARUJARUTOWER】,このチャンネルはジャルジャルの公式チャンネルです！ 日々の活動をドンドンUPしていきます！！ ジャルジャルがネタ帳に書き留めたネタになる...,2019-05-11T09:00:15.000Z
rQRLQVlL2LE,『無頓着な奴』ジャルジャルのネタのタネ【JARUJARUTOWER】,このチャンネルはジャルジャルの公式チャンネルです！ 日々の活動をドンドンUPしていきます！！ ジャルジャルがネタ帳に書き留めたネタになる...,2019-05-10T09:00:09.000Z
gprkB0q9DXk,『「えっ！」は当てるけど、「はっ！」は外す奴』ジャルジャルのネタのタネ【JARUJARUTOWER】,このチャンネルはジャルジャルの公式チャンネルです！ 日々の活動をドンドンUPしていきます！！ ジャルジャルがネタ帳に書き留めたネタになる...,2019-05-09T09:00:05.000Z
CQj_cKunjpc,『活きのいい若者探してる奴』ジャルジャルのネタのタネ【JARUJARUTOWER】,このチャンネルはジャルジャルの公式チャンネルです！ 日々の活動をドンドンUPしていきます！！ ジャルジャルがネタ帳に書き留めたネタになる...,2019-05-08T09:00:00.000Z
FwKhZAYH_oE,コメント読む奴〜3月編〜,このチャンネルはジャルジャルの公式チャンネルです！ コメントを読む奴は今後、毎月発表して行きます！ 更新は撮影の関係で固定の曜日ではあ...,2019-05-07T13:33:14.000Z
mWKD32W7-wI,『南っていう奴〜あっちむいてほい〜』ジャルジャルのネタのタネ【JARUJARUTOWER】,このチャンネルはジャルジャルの公式チャンネルです！ 日々の活動をドンドンUPしていきます！！ ジャルジャルがネタ帳に書き留めたネタになる...,2019-05-07T09:00:07.000Z
1FEwD9s7RSo,『半歩だけボケてる奴とツッコミたい奴』ジャルジャルのネタのタネ【JARUJARUTOWER】,このチャンネルはジャルジャルの公式チャンネルです！ 日々の活動をドンドンUPしていきます！！ ジャルジャルがネタ帳に書き留めたネタになる...,2019-05-06T09:00:00.000Z
adGDCLZLWfA,ジャルっと！爆ハリ！＃156,このチャンネルはジャルジャルの公式チャンネルです！ 日々の活動をドンドンUPしていきます！！ ジャルジャルがネタ帳に書き留めたネタになる...,2019-05-06T09:00:00.000Z
YdpNUJ8onPc,『嫌なこと指摘される奴』ジャルジャルのネタのタネ【JARUJARUTOWER】,このチャンネルはジャルジャルの公式チャンネルです！ 日々の活動をドンドンUPしていきます！！ ジャルジャルがネタ帳に書き留めたネタになる...,2019-05-05T09:00:04.000Z
18pmIsEZmFU,『また、女が苦手な奴』ジャルジャルのネタのタネ【JARUJARUTOWER】,このチャンネルはジャルジャルの公式チャンネルです！ 日々の活動をドンドンUPしていきます！！ ジャルジャルがネタ帳に書き留めたネタになる...,2019-05-04T09:00:01.000Z
7bqa6n4GHPA,『女が苦手な奴』ジャルジャルのネタのタネ【JARUJARUTOWER】,このチャンネルはジャルジャルの公式チャンネルです！ 日々の活動をドンドンUPしていきます！！ ジャルジャルがネタ帳に書き留めたネタになる...,2019-05-03T09:00:00.000Z
a4FPiQzuKsk,『チャラ男番長のネタを見る南っていう奴』ジャルジャルのネタのタネ【JARUJARUTOWER】,このチャンネルはジャルジャルの公式チャンネルです！ 日々の活動をドンドンUPしていきます！！ ジャルジャルがネタ帳に書き留めたネタになる...,2019-05-02T09:00:02.000Z
lnwF-SEHk-M,『つっこむとき声変わる奴』ジャルジャルのネタのタネ【JARUJARUTOWER】,このチャンネルはジャルジャルの公式チャンネルです！ 日々の活動をドンドンUPしていきます！！ ジャルジャルがネタ帳に書き留めたネタになる...,2019-04-29T09:00:06.000Z
wNmh_JSsTCw,『センス悪いプレゼントもらって泣く奴』ジャルジャルのネタのタネ【JARUJARUTOWER】,このチャンネルはジャルジャルの公式チャンネルです！ 日々の活動をドンドンUPしていきます！！ ジャルジャルがネタ帳に書き留めたネタになる...,2019-04-26T09:00:09.000Z
Z6r4xb4YnHQ,『裏がない、いい人過ぎる奴』ジャルジャルのネタのタネ【JARUJARUTOWER】,このチャンネルはジャルジャルの公式チャンネルです！ 日々の活動をドンドンUPしていきます！！ ジャルジャルがネタ帳に書き留めたネタになる...,2019-04-25T09:00:10.000Z
zsfyd8kiKPY,『ツッコミ重い奴』ジャルジャルのネタのタネ【JARUJARUTOWER】,このチャンネルはジャルジャルの公式チャンネルです！ 日々の活動をドンドンUPしていきます！！ ジャルジャルがネタ帳に書き留めたネタになる...,2019-04-24T09:00:17.000Z
g0hGtVrKbEc,『宇宙人と交信できたと思った奴』ジャルジャルのネタのタネ【JARUJARUTOWER】,このチャンネルはジャルジャルの公式チャンネルです！ 日々の活動をドンドンUPしていきます！！ ジャルジャルがネタ帳に書き留めたネタになる...,2019-04-23T09:00:04.000Z
fLuExVAprtM,『「定期的？」って言う奴と関東出身のツッコミ下手な奴』ジャルジャルのネタのタネ【JARUJARUTOWER】,このチャンネルはジャルジャルの公式チャンネルです！ 日々の活動をドンドンUPしていきます！！ ジャルジャルがネタ帳に書き留めたネタになる...,2019-04-22T09:00:07.000Z
e8KtbxUz5PM,『数字が苦手な奴』ジャルジャルのネタのタネ【JARUJARUTOWER】,このチャンネルはジャルジャルの公式チャンネルです！ 日々の活動をドンドンUPしていきます！！ ジャルジャルがネタ帳に書き留めたネタになる...,2019-04-21T09:00:03.000Z
2y2j9Ayz8tA,『ぞろぞろ来る奴』ジャルジャルのネタのタネ【JARUJARUTOWER】,このチャンネルはジャルジャルの公式チャンネルです！ 日々の活動をドンドンUPしていきます！！ ジャルジャルがネタ帳に書き留めたネタになる...,2019-04-20T09:00:00.000Z
53XVD9hF7Ds,『そりゃモノマネされる奴』ジャルジャルのネタのタネ【JARUJARUTOWER】,このチャンネルはジャルジャルの公式チャンネルです！ 日々の活動をドンドンUPしていきます！！ ジャルジャルがネタ帳に書き留めたネタになる...,2019-04-19T09:00:03.000Z
o976hXfUAFs,『５８歳と２９歳の奴』ジャルジャルのネタのタネ【JARUJARUTOWER】,このチャンネルはジャルジャルの公式チャンネルです！ 日々の活動をドンドンUPしていきます！！ ジャルジャルがネタ帳に書き留めたネタになる...,2019-04-17T09:00:05.000Z
4fpTk5DKBKY,『腹ぺったんこの奴』ジャルジャルのネタのタネ【JARUJARUTOWER】,このチャンネルはジャルジャルの公式チャンネルです！ 日々の活動をドンドンUPしていきます！！ ジャルジャルがネタ帳に書き留めたネタになる...,2019-04-16T09:00:01.000Z
NebgxxUohQY,『無意味な質問、無視される奴』ジャルジャルのネタのタネ【JARUJARUTOWER】,このチャンネルはジャルジャルの公式チャンネルです！ 日々の活動をドンドンUPしていきます！！ ジャルジャルがネタ帳に書き留めたネタになる...,2019-04-14T09:00:06.000Z
Nyx5sp0f4oo,『ちびっ子相撲の子供多過ぎて負ける奴』ジャルジャルのネタのタネ【JARUJARUTOWER】,このチャンネルはジャルジャルの公式チャンネルです！ 日々の活動をドンドンUPしていきます！！ ジャルジャルがネタ帳に書き留めたネタになる...,2019-04-13T09:00:02.000Z
BXk0tkuOTpQ,『南くんと漫才する奴～変な校内放送ゲーム～』ジャルジャルのネタのタネ【JARUJARUTOWER】,このチャンネルはジャルジャルの公式チャンネルです！ 日々の活動をドンドンUPしていきます！！ ジャルジャルがネタ帳に書き留めたネタになる...,2019-04-12T09:00:01.000Z
k3HZNj0jEKE,『学校来てない子に盆栽を見せる奴』ジャルジャルのネタのタネ【JARUJARUTOWER】,このチャンネルはジャルジャルの公式チャンネルです！ 日々の活動をドンドンUPしていきます！！ ジャルジャルがネタ帳に書き留めたネタになる...,2019-04-10T09:00:05.000Z
tDTM3rFXTEo,『説教中に屁こいて黙る奴』ジャルジャルのネタのタネ【JARUJARUTOWER】,このチャンネルはジャルジャルの公式チャンネルです！ 日々の活動をドンドンUPしていきます！！ ジャルジャルがネタ帳に書き留めたネタになる...,2019-04-09T09:00:07.000Z
FmAV6eH5R1U,『探偵の屁を指摘するか迷う奴』ジャルジャルのネタのタネ【JARUJARUTOWER】,このチャンネルはジャルジャルの公式チャンネルです！ 日々の活動をドンドンUPしていきます！！ ジャルジャルがネタ帳に書き留めたネタになる...,2019-04-04T09:00:03.000Z
xX_eXXWHVDk,『変態を追い出す奴』ジャルジャルのネタのタネ【JARUJARUTOWER】,このチャンネルはジャルジャルの公式チャンネルです！ 日々の活動をドンドンUPしていきます！！ ジャルジャルがネタ帳に書き留めたネタになる...,2019-04-03T09:00:06.000Z
Kz0i2-lxsaU,『裏方をゴミ扱いする奴』ジャルジャルのネタのタネ【JARUJARUTOWER】,このチャンネルはジャルジャルの公式チャンネルです！ 日々の活動をドンドンUPしていきます！！ ジャルジャルがネタ帳に書き留めたネタになる...,2019-04-02T09:00:02.000Z
PREPzKlCrkc,『南くん聞き取れる奴 パート3』ジャルジャルのネタのタネ【JARUJARUTOWER】,このチャンネルはジャルジャルの公式チャンネルです！ 日々の活動をドンドンUPしていきます！！ ジャルジャルがネタ帳に書き留めたネタになる...,2019-03-31T09:00:03.000Z
LXCJELI3LQM,『５分後がうまい奴』ジャルジャルのネタのタネ【JARUJARUTOWER】,このチャンネルはジャルジャルの公式チャンネルです！ 日々の活動をドンドンUPしていきます！！ ジャルジャルがネタ帳に書き留めたネタになる...,2019-03-29T09:00:03.000Z
jyZjKWLQoqo,『自分でボケて自分でつっこむ奴』ジャルジャルのネタのタネ【JARUJARUTOWER】,このチャンネルはジャルジャルの公式チャンネルです！ 日々の活動をドンドンUPしていきます！！ ジャルジャルがネタ帳に書き留めたネタになる...,2019-03-27T09:00:07.000Z
hGU86BnwVbE,『街頭インタビューされる関東出身のツッコミ下手な奴』ジャルジャルのネタのタネ【JARUJARUTOWER】,このチャンネルはジャルジャルの公式チャンネルです！ 日々の活動をドンドンUPしていきます！！ ジャルジャルがネタ帳に書き留めたネタになる...,2019-03-25T09:00:07.000Z
qiEVGdQJJKo,『バイト先でも関東出身のツッコミ下手な奴』ジャルジャルのネタのタネ【JARUJARUTOWER】,このチャンネルはジャルジャルの公式チャンネルです！ 日々の活動をドンドンUPしていきます！！ ジャルジャルがネタ帳に書き留めたネタになる...,2019-03-24T09:00:08.000Z
o7SYppWLV1k,『ノックを分かっていない奴』ジャルジャルのネタのタネ【JARUJARUTOWER】,このチャンネルはジャルジャルの公式チャンネルです！ 日々の活動をドンドンUPしていきます！！ ジャルジャルがネタ帳に書き留めたネタになる...,2019-03-23T09:00:07.000Z
aHp75GFSEgY,『ツッコミできる奴を理解できへん奴』ジャルジャルのネタのタネ【JARUJARUTOWER】,このチャンネルはジャルジャルの公式チャンネルです！ 日々の活動をドンドンUPしていきます！！ ジャルジャルがネタ帳に書き留めたネタになる...,2019-03-21T09:00:00.000Z
pKgsNk7oTKc,『才能枯れた奴』ジャルジャルのネタのタネ【JARUJARUTOWER】,このチャンネルはジャルジャルの公式チャンネルです！ 日々の活動をドンドンUPしていきます！！ ジャルジャルがネタ帳に書き留めたネタになる...,2019-03-20T09:00:07.000Z
KA-5pvIw8D0,『謎のミュージシャンと待ち合わせする奴』ジャルジャルのネタのタネ【JARUJARUTOWER】,このチャンネルはジャルジャルの公式チャンネルです！ 日々の活動をドンドンUPしていきます！！ ジャルジャルがネタ帳に書き留めたネタになる...,2019-03-17T09:00:04.000Z
qyuxXPXKWrY,『「スキンナー」って言う奴』ジャルジャルのネタのタネ【JARUJARUTOWER】,このチャンネルはジャルジャルの公式チャンネルです！ 日々の活動をドンドンUPしていきます！！ ジャルジャルがネタ帳に書き留めたネタになる...,2019-03-16T09:00:06.000Z
NieLdFJ4PzU,『自分に敬語使う奴』ジャルジャルのネタのタネ【JARUJARUTOWER】,このチャンネルはジャルジャルの公式チャンネルです！ 日々の活動をドンドンUPしていきます！！ ジャルジャルがネタ帳に書き留めたネタになる...,2019-03-15T09:00:03.000Z
xX7H7TqqdnA,『師匠にジェネレーションギャップ感じる奴』ジャルジャルのネタのタネ【JARUJARUTOWER】,このチャンネルはジャルジャルの公式チャンネルです！ 日々の活動をドンドンUPしていきます！！ ジャルジャルがネタ帳に書き留めたネタになる...,2019-03-12T09:00:12.000Z
end3JtaulO4,『全ムチな奴』ジャルジャルのネタのタネ【JARUJARUTOWER】,このチャンネルはジャルジャルの公式チャンネルです！ 日々の活動をドンドンUPしていきます！！ ジャルジャルがネタ帳に書き留めたネタになる...,2019-03-09T09:00:05.000Z
WbfT2cTGTSQ,『大便の記憶だけなくなった奴』ジャルジャルのネタのタネ【JARUJARUTOWER】,このチャンネルはジャルジャルの公式チャンネルです！ 日々の活動をドンドンUPしていきます！！ ジャルジャルがネタ帳に書き留めたネタになる...,2019-03-08T09:00:03.000Z
uAna9Bwtvmw,『「ボツボツ行くわ」って言う奴』ジャルジャルのネタのタネ【JARUJARUTOWER】,このチャンネルはジャルジャルの公式チャンネルです！ 日々の活動をドンドンUPしていきます！！ ジャルジャルがネタ帳に書き留めたネタになる...,2019-03-06T09:00:13.000Z
rZYo5POj-0o,『息子の万引き疑う奴』ジャルジャルのネタのタネ【JARUJARUTOWER】,このチャンネルはジャルジャルの公式チャンネルです！ 日々の活動をドンドンUPしていきます！！ ジャルジャルがネタ帳に書き留めたネタになる...,2019-03-05T09:00:06.000Z
177FXQcytCo,『万引きの注意、スタンガンな奴』ジャルジャルのネタのタネ【JARUJARUTOWER】,このチャンネルはジャルジャルの公式チャンネルです！ 日々の活動をドンドンUPしていきます！！ ジャルジャルがネタ帳に書き留めたネタになる...,2019-03-04T09:00:00.000Z
b2e0jKyWwMg,『街中でも腰引けてる奴』ジャルジャルのネタのタネ【JARUJARUTOWER】,このチャンネルはジャルジャルの公式チャンネルです！ 日々の活動をドンドンUPしていきます！！ ジャルジャルがネタ帳に書き留めたネタになる...,2019-03-01T09:00:05.000Z
82leJ8ZOCjk,【ジャルジャル コント対決】ROUND9「サポーター対決」 朝摘みオレンジVSヨーグリーナ  朝飲むならどっち？おいしさ対決,ジャルジャル の対決コント動画（全10本）、続々公開中！ あなたはどっち派？ 朝摘みオレンジ派 VS ヨーグリーナ派 #ジャルジャル の 譲れない...,2019-03-01T02:00:45.000Z
xTnPg4nUYN0,『ナンデレスリングブニブンカケイノヤツガアツマルカケンキュウブに入部する奴』ジャルジャルのネタのタネ【JARUJARUTOWER】,このチャンネルはジャルジャルの公式チャンネルです！ 日々の活動をドンドンUPしていきます！！ ジャルジャルがネタ帳に書き留めたネタになる...,2019-02-27T09:00:10.000Z
HbEMfVnqaWE,ジャルジャルの笑いのツボ屋#01【大阪チャンネル】,人は誰しも“ツボに入って死ぬほど笑う”経験をしたことがあるはず。その瞬間はすべてを忘れられる人生最高の瞬間。そんな“奇跡の笑い”を...,2019-02-24T12:41:11.000Z
mXNViISBxvM,ジャルジャルの笑いのツボ屋#03【大阪チャンネル】,人は誰しも“ツボに入って死ぬほど笑う”経験をしたことがあるはず。その瞬間はすべてを忘れられる人生最高の瞬間。そんな“奇跡の笑い”を...,2019-02-24T12:34:01.000Z
O3hYrjEfSLg,ジャルジャルの笑いのツボ屋#05【大阪チャンネル】,人は誰しも“ツボに入って死ぬほど笑う”経験をしたことがあるはず。その瞬間はすべてを忘れられる人生最高の瞬間。そんな“奇跡の笑い”を...,2019-02-24T12:32:18.000Z
RdR0V0QELng,『電車でもええ顔してる奴』ジャルジャルのネタのタネ【JARUJARUTOWER】,このチャンネルはジャルジャルの公式チャンネルです！ 日々の活動をドンドンUPしていきます！！ ジャルジャルがネタ帳に書き留めたネタになる...,2019-02-24T09:00:03.000Z
cHeKijaoMI0,『ええ顔してる奴』ジャルジャルのネタのタネ【JARUJARUTOWER】,このチャンネルはジャルジャルの公式チャンネルです！ 日々の活動をドンドンUPしていきます！！ ジャルジャルがネタ帳に書き留めたネタになる...,2019-02-23T09:00:02.000Z
Ko7NiYOMylI,『ボディーミュージックの世界に送り込まれる奴』ジャルジャルのネタのタネ【JARUJARUTOWER】,このチャンネルはジャルジャルの公式チャンネルです！ 日々の活動をドンドンUPしていきます！！ ジャルジャルがネタ帳に書き留めたネタになる...,2019-02-21T09:00:01.000Z
6B_t35y5MG0,『家庭教師のくせにうんこ行く奴』ジャルジャルのネタのタネ【JARUJARUTOWER】,このチャンネルはジャルジャルの公式チャンネルです！ 日々の活動をドンドンUPしていきます！！ ジャルジャルがネタ帳に書き留めたネタになる...,2019-02-20T09:00:01.000Z
a0LGWh1QPWI,『格安ホテルで相部屋なった奴』ジャルジャルのネタのタネ【JARUJARUTOWER】,このチャンネルはジャルジャルの公式チャンネルです！ 日々の活動をドンドンUPしていきます！！ ジャルジャルがネタ帳に書き留めたネタになる...,2019-02-13T09:00:02.000Z
D0npMz8OKMc,『机、ピアノ代わりにする奴』ジャルジャルのネタのタネ【JARUJARUTOWER】,このチャンネルはジャルジャルの公式チャンネルです！ 日々の活動をドンドンUPしていきます！！ ジャルジャルがネタ帳に書き留めたネタになる...,2019-02-12T09:00:03.000Z
iPrxzNL3dVw,『会議終わらせたい奴』ジャルジャルのネタのタネ【JARUJARUTOWER】,このチャンネルはジャルジャルの公式チャンネルです！ 日々の活動をドンドンUPしていきます！！ ジャルジャルがネタ帳に書き留めたネタになる...,2019-02-10T09:00:05.000Z
iY3rG6xTRwE,『クリーン田社長の身だしなみチェック受ける奴』ジャルジャルのネタのタネ【JARUJARUTOWER】,このチャンネルはジャルジャルの公式チャンネルです！ 日々の活動をドンドンUPしていきます！！ ジャルジャルがネタ帳に書き留めたネタになる...,2019-02-06T09:00:08.000Z
eGoSV4UokGo,『モグリの意味がピンとこない奴』ジャルジャルのネタのタネ【JARUJARUTOWER】,このチャンネルはジャルジャルの公式チャンネルです！ 日々の活動をドンドンUPしていきます！！ ジャルジャルがネタ帳に書き留めたネタになる...,2019-02-04T09:00:03.000Z
biqkG1RAYO0,『勾玉な奴』ジャルジャルのネタのタネ【JARUJARUTOWER】,このチャンネルはジャルジャルの公式チャンネルです！ 日々の活動をドンドンUPしていきます！！ ジャルジャルがネタ帳に書き留めたネタになる...,2019-01-31T09:00:05.000Z
52Wwjnre4LE,『牢屋がイメージ通りな奴』ジャルジャルのネタのタネ【JARUJARUTOWER】,このチャンネルはジャルジャルの公式チャンネルです！ 日々の活動をドンドンUPしていきます！！ ジャルジャルがネタ帳に書き留めたネタになる...,2019-01-30T09:00:00.000Z
9CkGPWmSyuw,『どんどんやってみる奴』ジャルジャルのネタのタネ【JARUJARUTOWER】,このチャンネルはジャルジャルの公式チャンネルです！ 日々の活動をドンドンUPしていきます！！ ジャルジャルがネタ帳に書き留めたネタになる...,2019-01-29T09:00:01.000Z
sFHnbM0D7gI,ジャルっと！爆ハリ！#147,このチャンネルはジャルジャルの公式チャンネルです！ 日々の活動をドンドンUPしていきます！！ ジャルジャルがネタ帳に書き留めたネタになる...,2019-01-28T09:00:10.000Z
phWoiXxcU1s,『変質者を更生させる奴』ジャルジャルのネタのタネ【JARUJARUTOWER】,このチャンネルはジャルジャルの公式チャンネルです！ 日々の活動をドンドンUPしていきます！！ ジャルジャルがネタ帳に書き留めたネタになる...,2019-01-28T09:00:05.000Z
_SwL3nlus2I,『面白さ以前にキツい奴』ジャルジャルのネタのタネ【JARUJARUTOWER】,このチャンネルはジャルジャルの公式チャンネルです！ 日々の活動をドンドンUPしていきます！！ ジャルジャルがネタ帳に書き留めたネタになる...,2019-01-26T09:00:09.000Z
kdAdv2gVOiE,『ツタだらけの家に住んでる奴』ジャルジャルのネタのタネ【JARUJARUTOWER】,このチャンネルはジャルジャルの公式チャンネルです！ 日々の活動をドンドンUPしていきます！！ ジャルジャルがネタ帳に書き留めたネタになる...,2019-01-18T09:00:04.000Z
t5awHP8kcx8,『英会話教室でイラつく奴』ジャルジャルのネタのタネ【JARUJARUTOWER】,このチャンネルはジャルジャルの公式チャンネルです！ 日々の活動をドンドンUPしていきます！！ ジャルジャルがネタ帳に書き留めたネタになる...,2019-01-16T09:00:07.000Z
JvyvwOXOs_8,『「どうします？」って聞く奴』ジャルジャルのネタのタネ【JARUJARUTOWER】,このチャンネルはジャルジャルの公式チャンネルです！ 日々の活動をドンドンUPしていきます！！ ジャルジャルがネタ帳に書き留めたネタになる...,2019-01-15T09:00:02.000Z
KgE73pPTtxE,『めっちゃ変な趣味ある奴』ジャルジャルのネタのタネ【JARUJARUTOWER】,このチャンネルはジャルジャルの公式チャンネルです！ 日々の活動をドンドンUPしていきます！！ ジャルジャルがネタ帳に書き留めたネタになる...,2019-01-09T09:00:02.000Z
MmH4FT9T6zg,ジャルっと！爆ハリ！#144,このチャンネルはジャルジャルの公式チャンネルです！ 日々の活動をドンドンUPしていきます！！ ジャルジャルがネタ帳に書き留めたネタになる...,2019-01-07T09:00:04.000Z
XvPoUZpU8m4,『ペンにキャップついてるの気付かん奴』ジャルジャルのネタのタネ【JARUJARUTOWER】,このチャンネルはジャルジャルの公式チャンネルです！ 日々の活動をドンドンUPしていきます！！ 1月1日〜1月10日は『ネタのタネ』を2本ずつUPし...,2019-01-05T03:00:04.000Z
i25S_6F1KkM,『「どんくさい」を「どんくしぃ」と言う奴』ジャルジャルのネタのタネ【JARUJARUTOWER】,このチャンネルはジャルジャルの公式チャンネルです！ 日々の活動をドンドンUPしていきます！！ 1月1日〜1月10日は『ネタのタネ』を2本ずつUPし...,2019-01-04T09:00:07.000Z
G-WTltpAkNY,『わけあって、声でかかった奴』ジャルジャルのネタのタネ【JARUJARUTOWER】,このチャンネルはジャルジャルの公式チャンネルです！ 日々の活動をドンドンUPしていきます！！ 1月1日〜1月10日は『ネタのタネ』を2本ずつUPし...,2019-01-04T03:00:01.000Z
6aC8fFy8dyM,『２世代でしょぼい発明した奴』ジャルジャルのネタのタネ【JARUJARUTOWER】,このチャンネルはジャルジャルの公式チャンネルです！ 日々の活動をドンドンUPしていきます！！ 1月1日〜1月10日は『ネタのタネ』を2本ずつUPし...,2019-01-02T09:00:02.000Z
ncff-equ5Eg,『口説き落とせそうって言いながら口説き落とす奴』ジャルジャルのネタのタネ【JARUJARUTOWER】,このチャンネルはジャルジャルの公式チャンネルです！ 日々の活動をドンドンUPしていきます！！ 1月1日〜1月10日は『ネタのタネ』を2本ずつUPし...,2019-01-01T09:00:07.000Z
wtD56Lny6Qs,『隣人トラブル、エグい奴』ジャルジャルのネタのタネ【JARUJARUTOWER】,このチャンネルはジャルジャルの公式チャンネルです！ 日々の活動をドンドンUPしていきます！！ ジャルジャルがネタ帳に書き留めたネタになる...,2018-12-28T09:00:07.000Z
PMz9akXmU-Q,『最後の問題に挑む奴』ジャルジャルのネタのタネ【JARUJARUTOWER】,このチャンネルはジャルジャルの公式チャンネルです！ 日々の活動をドンドンUPしていきます！！ ジャルジャルがネタ帳に書き留めたネタになる...,2018-12-27T09:00:03.000Z
Q5LfiieSg2A,ジャルっと！爆ハリ！#142,このチャンネルはジャルジャルの公式チャンネルです！ 日々の活動をドンドンUPしていきます！！ ジャルジャルがネタ帳に書き留めたネタになる...,2018-12-24T09:00:03.000Z
xB8qBlIVSD8,『ボイパに人生を捧げた奴』ジャルジャルのネタのタネ【JARUJARUTOWER】,このチャンネルはジャルジャルの公式チャンネルです！ 日々の活動をドンドンUPしていきます！！ ジャルジャルがネタ帳に書き留めたネタになる...,2018-12-23T09:00:07.000Z
uuOBSfOAGxE,『「定期的？」って聞く奴』ジャルジャルのネタのタネ【JARUJARUTOWER】,このチャンネルはジャルジャルの公式チャンネルです！ 日々の活動をドンドンUPしていきます！！ ジャルジャルがネタ帳に書き留めたネタになる...,2018-12-21T09:00:06.000Z
4NLef5sY_po,ジャルジャルのネタのタネ『ライブバージョンダウンロードしてしまった奴』【JARUJARUTOWER】,このチャンネルはジャルジャルの公式チャンネルです！ 日々の活動をドンドンUPしていきます！！ ジャルジャルがネタ帳に書き留めたネタになる...,2018-12-19T09:00:00.000Z
xuzbvpZEljg,ジャルっと！爆ハリ！#141,このチャンネルはジャルジャルの公式チャンネルです！ 日々の活動をドンドンUPしていきます！！ ジャルジャルがネタ帳に書き留めたネタになる...,2018-12-17T09:00:15.000Z
zPyzrZQDafw,ジャルジャルのネタのタネ『解散の判断早い奴』【JARUJARUTOWER】,このチャンネルはジャルジャルの公式チャンネルです！ 日々の活動をドンドンUPしていきます！！ ジャルジャルがネタ帳に書き留めたネタになる...,2018-12-16T09:00:13.000Z
q0T4vjY6WaA,ジャルジャルのネタのタネ『ちっちゃい荷物届く奴』【JARUJARUTOWER】,このチャンネルはジャルジャルの公式チャンネルです！ 日々の活動をドンドンUPしていきます！！ ジャルジャルがネタ帳に書き留めたネタになる...,2018-12-15T09:00:10.000Z
cs_FVE_np-w,ジャルジャルのネタのタネ『コメント欄を読む奴』【JARUJARUTOWER】,このチャンネルはジャルジャルの公式チャンネルです！ 日々の活動をドンドンUPしていきます！！ ジャルジャルがネタ帳に書き留めたネタになる...,2018-12-13T09:00:04.000Z
vGj1421ze-g,ジャルジャルのネタのタネ『謎の行動を思春期の一言で片付ける奴』【JARUJARUTOWER】,このチャンネルはジャルジャルの公式チャンネルです！ 日々の活動をドンドンUPしていきます！！ ジャルジャルがネタ帳に書き留めたネタになる...,2018-12-13T09:00:10.000Z
4r6YcviPaWU,ジャルジャルのネタのタネ『学校でのエアガン許可されてる奴』【JARUJARUTOWER】,このチャンネルはジャルジャルの公式チャンネルです！ 日々の活動をドンドンUPしていきます！！ ジャルジャルがネタ帳に書き留めたネタになる...,2018-12-12T09:00:01.000Z
1XaTFXrLb3I,ジャルジャルのネタのタネ『気づかないうちに痩せてた奴』【JARUJARUTOWER】,このチャンネルはジャルジャルの公式チャンネルです！ 日々の活動をドンドンUPしていきます！！ ジャルジャルがネタ帳に書き留めたネタになる...,2018-12-11T09:00:01.000Z
4GBD1sdQv78,ジャルっと！爆ハリ！#140,このチャンネルはジャルジャルの公式チャンネルです！ 日々の活動をドンドンUPしていきます！！ ジャルジャルがネタ帳に書き留めたネタになる...,2018-12-10T09:00:00.000Z
ox0AoLqDiHc,ジャルジャルのネタのタネ『「えぇーぇ」って言う奴』【JARUJARUTOWER】,このチャンネルはジャルジャルの公式チャンネルです！ 日々の活動をドンドンUPしていきます！！ ジャルジャルがネタ帳に書き留めたネタになる...,2018-12-10T09:00:04.000Z
ZZH7NmY0rsE,ジャルジャルのネタのタネ『小ネタ思い付くと呼び出す奴』【JARUJARUTOWER】,このチャンネルはジャルジャルの公式チャンネルです！ 日々の活動をドンドンUPしていきます！！ ジャルジャルがネタ帳に書き留めたネタになる...,2018-12-09T09:00:09.000Z
bJA1rET5aPU,ジャルジャルのネタのタネ『邪魔物の腹殴る奴』【JARUJARUTOWER】,このチャンネルはジャルジャルの公式チャンネルです！ 日々の活動をドンドンUPしていきます！！ ジャルジャルがネタ帳に書き留めたネタになる...,2018-12-07T09:00:09.000Z
TTzc6YuePB4,ジャルジャルのネタのタネ『延長線上に似てる奴がいる奴』【JARUJARUTOWER】,このチャンネルはジャルジャルの公式チャンネルです！ 日々の活動をドンドンUPしていきます！！ ジャルジャルがネタ帳に書き留めたネタになる...,2018-12-05T09:00:02.000Z
PdtgekumU1o,ジャルっと！爆ハリ！#139,このチャンネルはジャルジャルの公式チャンネルです！ 日々の活動をドンドンUPしていきます！！ ジャルジャルがネタ帳に書き留めたネタになる...,2018-12-03T09:00:05.000Z
lqSMrkhYQ64,ジャルジャルのネタのタネ『ガリガリ日記を書く、ガリガリ力士の奴』【JARUJARUTOWER】,このチャンネルはジャルジャルの公式チャンネルです！ 日々の活動をドンドンUPしていきます！！ ジャルジャルがネタ帳に書き留めたネタになる...,2018-12-03T09:00:10.000Z
b1J39WQFvSs,ジャルジャルのネタのタネ『M-1決勝でやったネタ    国名分けっこやる奴』【JARUJARUTOWER】,このチャンネルはジャルジャルの公式チャンネルです！ 日々の活動をドンドンUPしていきます！！ ジャルジャルがネタ帳に書き留めたネタになる...,2018-12-02T16:32:50.000Z
EJX25OE13vk,ジャルジャルのネタのタネ『うっすら寒いから会社休む奴』【JARUJARUTOWER】,このチャンネルはジャルジャルの公式チャンネルです！ 日々の活動をドンドンUPしていきます！！ ジャルジャルがネタ帳に書き留めたネタになる...,2018-11-29T09:00:00.000Z
j4Krst_-aIQ,ジャルジャルのネタのタネ『バレエ教室やってる奴』【JARUJARUTOWER】,このチャンネルはジャルジャルの公式チャンネルです！ 日々の活動をドンドンUPしていきます！！ ジャルジャルがネタ帳に書き留めたネタになる...,2018-11-27T09:00:04.000Z
Dx18HnnhSLM,ジャルっと！爆ハリ！#138,このチャンネルはジャルジャルの公式チャンネルです！ 日々の活動をドンドンUPしていきます！！ ジャルジャルがネタ帳に書き留めたネタになる...,2018-11-26T09:00:01.000Z
gKxxdKGbq3M,ジャルジャルのネタのタネ『洗脳されへん奴』【JARUJARUTOWER】,このチャンネルはジャルジャルの公式チャンネルです！ 日々の活動をドンドンUPしていきます！！ ジャルジャルがネタ帳に書き留めたネタになる...,2018-11-26T09:00:07.000Z
a-5PMjw4XbA,ジャルジャルのネタのタネ『０点チャンピオンが何回浪人してるか当てる奴』【JARUJARUTOWER】,このチャンネルはジャルジャルの公式チャンネルです！ 日々の活動をドンドンUPしていきます！！ ジャルジャルがネタ帳に書き留めたネタになる...,2018-11-25T09:00:00.000Z
saUgPurtXL4,ジャルジャルのネタのタネ『「行かないですよ」って言う奴』【JARUJARUTOWER】,このチャンネルはジャルジャルの公式チャンネルです！ 日々の活動をドンドンUPしていきます！！ ジャルジャルがネタ帳に書き留めたネタになる...,2018-11-23T09:00:13.000Z
Q4FT29ib0o0,ジャルジャルのネタのタネ『アカン奴』【JARUJARUTOWER】,このチャンネルはジャルジャルの公式チャンネルです！ 日々の活動をドンドンUPしていきます！！ ジャルジャルがネタ帳に書き留めたネタになる...,2018-11-21T09:00:04.000Z
jSV4amCRL6U,ジャルジャルのネタのタネ『「which your choice」って言う奴』【JARUJARUTOWER】,このチャンネルはジャルジャルの公式チャンネルです！ 日々の活動をドンドンUPしていきます！！ ジャルジャルがネタ帳に書き留めたネタになる...,2018-11-20T09:00:05.000Z
0h1Umrz0aU0,ジャルっと！爆ハリ！#130,このチャンネルはジャルジャルの公式チャンネルです！ 日々の活動をドンドンUPしていきます！！ ジャルジャルがネタ帳に書き留めたネタになる...,2018-11-19T09:00:00.000Z
QK3Oe-qdGeY,ジャルジャルのネタのタネ『嫌な奴やと思ったらいい奴』【JARUJARUTOWER】,このチャンネルはジャルジャルの公式チャンネルです！ 日々の活動をドンドンUPしていきます！！ ジャルジャルがネタ帳に書き留めたネタになる...,2018-11-19T09:00:02.000Z
TMAHSsRHcIs,ジャルジャルのネタのタネ『「あー来るんじゃなかった」って言う奴』【JARUJARUTOWER】,このチャンネルはジャルジャルの公式チャンネルです！ 日々の活動をドンドンUPしていきます！！ ジャルジャルがネタ帳に書き留めたネタになる...,2018-11-17T09:00:04.000Z
VqMyHqyKbd0,ジャルジャルのネタのタネ『「安心させてよ～」って言う奴』【JARUJARUTOWER】,このチャンネルはジャルジャルの公式チャンネルです！ 日々の活動をドンドンUPしていきます！！ ジャルジャルがネタ帳に書き留めたネタになる...,2018-11-15T09:00:06.000Z
Q_xJ69xjgmw,ジャルジャルのネタのタネ『目合う可能性高いところに座る奴』【JARUJARUTOWER】,このチャンネルはジャルジャルの公式チャンネルです！ 日々の活動をドンドンUPしていきます！！ ジャルジャルがネタ帳に書き留めたネタになる...,2018-11-14T09:00:04.000Z
c-v1WPACqMU,ジャルっと！爆ハリ！#129,このチャンネルはジャルジャルの公式チャンネルです！ 日々の活動をドンドンUPしていきます！！ ジャルジャルがネタ帳に書き留めたネタになる...,2018-11-12T09:00:03.000Z
fBifFhJ2Lio,ジャルジャルのネタのタネ『出身が違うから交じり合わない奴』【JARUJARUTOWER】,このチャンネルはジャルジャルの公式チャンネルです！ 日々の活動をドンドンUPしていきます！！ ジャルジャルがネタ帳に書き留めたネタになる...,2018-11-11T09:00:03.000Z
XdXv9rFC8GE,ジャルジャルのネタのタネ『笹かまな奴』【JARUJARUTOWER】,このチャンネルはジャルジャルの公式チャンネルです！ 日々の活動をドンドンUPしていきます！！ ジャルジャルがネタ帳に書き留めたネタになる...,2018-11-07T09:00:02.000Z
Ly0evXXguP4,ジャルジャルのネタのタネ『色々あった奴』【JARUJARUTOWER】,このチャンネルはジャルジャルの公式チャンネルです！ 日々の活動をドンドンUPしていきます！！ ジャルジャルがネタ帳に書き留めたネタになる...,2018-11-06T09:00:02.000Z
mTo0cj5K644,ジャルッと！爆ハリ！#125,このチャンネルはジャルジャルの公式チャンネルです！ 日々の活動をドンドンUPしていきます！！ ジャルジャルがネタ帳に書き留めたネタになる...,2018-11-05T09:00:04.000Z
ZeYkCUNFD7c,ジャルジャルのネタのタネ『態度一変する奴〜GK川島〜』【JARUJARUTOWER】,このチャンネルはジャルジャルの公式チャンネルです！ 日々の活動をドンドンUPしていきます！！ ジャルジャルがネタ帳に書き留めたネタになる...,2018-11-05T09:00:03.000Z
S489af_h7yA,ジャルジャルのネタのタネ『キャラ抜くまで契約書にサインしない奴』【JARUJARUTOWER】,このチャンネルはジャルジャルの公式チャンネルです！ 日々の活動をドンドンUPしていきます！！ ジャルジャルがネタ帳に書き留めたネタになる...,2018-11-03T09:00:05.000Z
xKpkPM-0cz8,ジャルジャルのネタのタネ『「今なんつった？」って言う奴』【JARUJARUTOWER】,このチャンネルはジャルジャルの公式チャンネルです！ 日々の活動をドンドンUPしていきます！！ ジャルジャルがネタ帳に書き留めたネタになる...,2018-10-31T09:00:09.000Z
AypQ9KsKLsU,ジャルジャルのネタのタネ『屁こいて固まる奴』【JARUJARUTOWER】,このチャンネルはジャルジャルの公式チャンネルです！ 日々の活動をドンドンUPしていきます！！ ジャルジャルがネタ帳に書き留めたネタになる...,2018-10-29T09:00:01.000Z
sRVQGOPNTAM,ジャルッと！爆ハリ！#124,ジャルジャル公式LINEも登録お願いします！！：https://live.line.me/r/channels/121 このチャンネルはジャルジャルの公式チャンネルです！ ジャルジャル...,2018-10-29T09:00:07.000Z
Szw3FWG5uSg,ジャルジャルのネタのタネ『いい先生やのに･･･な奴』【JARUJARUTOWER】,このチャンネルはジャルジャルの公式チャンネルです！ 日々の活動をドンドンUPしていきます！！ ジャルジャルがネタ帳に書き留めたネタになる...,2018-10-28T09:00:02.000Z
YNCJE5_lto0,ジャルジャルのネタのタネ『殴る前に袖めくる奴』【JARUJARUTOWER】,このチャンネルはジャルジャルの公式チャンネルです！ 日々の活動をドンドンUPしていきます！！ ジャルジャルがネタ帳に書き留めたネタになる...,2018-10-26T09:00:06.000Z
f1cP6nL9bB4,ジャルジャルのネタのタネ『飲みに誘ったくせに喋らん奴』【JARUJARUTOWER】,このチャンネルはジャルジャルの公式チャンネルです！ 日々の活動をドンドンUPしていきます！！ ジャルジャルがネタ帳に書き留めたネタになる...,2018-10-24T09:00:04.000Z
OQbr0oS1IVA,ジャルっと！爆ハリ！#123,ジャルジャル公式LINEも登録お願いします！！：https://live.line.me/r/channels/121 このチャンネルはジャルジャルの公式チャンネルです！ ジャルジャル...,2018-10-22T09:00:02.000Z
0q4eqk9StGE,ジャルジャルのネタのタネ『怒り分散させる奴』【JARUJARUTOWER】,このチャンネルはジャルジャルの公式チャンネルです！ 日々の活動をドンドンUPしていきます！！ ジャルジャルがネタ帳に書き留めたネタになる...,2018-10-21T09:00:01.000Z
YG_e0bZEVVU,ジャルジャルのネタのタネ『トイレ借りる奴』【JARUJARUTOWER】,このチャンネルはジャルジャルの公式チャンネルです！ 日々の活動をドンドンUPしていきます！！ ジャルジャルがネタ帳に書き留めたネタになる...,2018-10-17T09:00:03.000Z
VITWhp3ex1Q,ジャルっと！爆ハリ！#118,ジャルジャル公式LINEも登録お願いします！！：https://live.line.me/r/channels/121 このチャンネルはジャルジャルの公式チャンネルです！ ジャルジャル...,2018-10-15T09:00:03.000Z
fAE_7tBz7ZI,ジャルジャルのネタのタネ『挨拶下手な奴』【JARUJARUTOWER】,このチャンネルはジャルジャルの公式チャンネルです！ 日々の活動をドンドンUPしていきます！！ ジャルジャルがネタ帳に書き留めたネタになる...,2018-10-15T09:00:03.000Z
kM0GhVdJ_Bs,ジャルジャルのネタのタネ『記者会見する三流大学生の奴』【JARUJARUTOWER】,このチャンネルはジャルジャルの公式チャンネルです！ 日々の活動をドンドンUPしていきます！！ ジャルジャルがネタ帳に書き留めたネタになる...,2018-10-14T09:00:04.000Z
2BEhA1gDqCE,ジャルジャルのネタのタネ『ほんまにヤバい奴』【JARUJARUTOWER】,このチャンネルはジャルジャルの公式チャンネルです！ 日々の活動をドンドンUPしていきます！！ ジャルジャルがネタ帳に書き留めたネタになる...,2018-10-13T09:00:00.000Z
bxg9DUjrNng,ジャルっと！爆ハリ！#117,ジャルジャル公式LINEも登録お願いします！！：https://live.line.me/r/channels/121 このチャンネルはジャルジャルの公式チャンネルです！ ジャルジャル...,2018-10-08T09:00:03.000Z
bxPqUbvbD7U,ジャルジャルのネタのタネ『バンドメンバーから外されそうな奴』【JARUJARUTOWER】,このチャンネルはジャルジャルの公式チャンネルです！ 日々の活動をドンドンUPしていきます！！ ジャルジャルがネタ帳に書き留めたネタになる...,2018-10-05T09:00:04.000Z
-yNyLNPgQ8k,ジャルジャルのネタのタネ『１対１、苦手な奴』【JARUJARUTOWER】,このチャンネルはジャルジャルの公式チャンネルです！ 日々の活動をドンドンUPしていきます！！ ジャルジャルがネタ帳に書き留めたネタになる...,2018-10-03T09:00:00.000Z
EIEo0yQxJWM,ジャルッと！爆ハリ！＃113,ジャルジャル公式LINEも登録お願いします！！：https://live.line.me/r/channels/121 このチャンネルはジャルジャルの公式チャンネルです！ ジャルジャル...,2018-10-01T09:00:01.000Z
LPTAvttw2J0,ジャルジャルのネタのタネ『大丈夫じゃないのに大丈夫ですっていう奴』【JARUJARUTOWER】,このチャンネルはジャルジャルの公式チャンネルです！ 日々の活動をドンドンUPしていきます！！ ジャルジャルがネタ帳に書き留めたネタになる...,2018-09-24T09:00:04.000Z
U-nMmzand0A,ジャルジャルのネタのタネ『デコ狭い奴』【JARUJARUTOWER】,このチャンネルはジャルジャルの公式チャンネルです！ 日々の活動をドンドンUPしていきます！！ ジャルジャルがネタ帳に書き留めたネタになる...,2018-09-19T09:00:04.000Z
Ix8vMH3kOf0,ジャルジャルのネタのタネ『ボツ漫才する奴（色）』【JARUJARUTOWER】,このチャンネルはジャルジャルの公式チャンネルです！ 日々の活動をドンドンUPしていきます！！ ジャルジャルがネタ帳に書き留めたネタになる...,2018-09-17T09:00:02.000Z
RErQJ63Wb98,ジャルジャルのネタのタネ『速乾した奴』【JARUJARUTOWER】,このチャンネルはジャルジャルの公式チャンネルです！ 日々の活動をドンドンUPしていきます！！ ジャルジャルがネタ帳に書き留めたネタになる...,2018-09-16T09:00:02.000Z
UcAGChIRYyc,ジャルジャルのネタのタネ『悪気なく笑いとる奴』【JARUJARUTOWER】,このチャンネルはジャルジャルの公式チャンネルです！ 日々の活動をドンドンUPしていきます！！ ジャルジャルがネタ帳に書き留めたネタになる...,2018-09-12T09:00:05.000Z
HIJ5pnhCELw,ジャルジャルのネタのタネ『突然、注意する奴』【JARUJARUTOWER】,このチャンネルはジャルジャルの公式チャンネルです！ 日々の活動をドンドンUPしていきます！！ ジャルジャルがネタ帳に書き留めたネタになる...,2018-09-06T09:00:02.000Z
OKYEs-HSCEQ,ジャルジャルのネタのタネ『タメ口な奴』【JARUJARUTOWER】,このチャンネルはジャルジャルの公式チャンネルです！ 日々の活動をドンドンUPしていきます！！ ジャルジャルがネタ帳に書き留めたネタになる...,2018-09-05T09:00:06.000Z
AFk3jHE_aZI,ジャルジャルのネタのタネ『チャゲちゃう奴』【JARUJARUTOWER】,このチャンネルはジャルジャルの公式チャンネルです！ 日々の活動をドンドンUPしていきます！！ ジャルジャルがネタ帳に書き留めたネタになる...,2018-09-04T09:00:01.000Z
zfpHA1mJ3So,ジャルジャルのネタのタネ『ツッコミエコーかかる奴』【JARUJARUTOWER】,このチャンネルはジャルジャルの公式チャンネルです！ 日々の活動をドンドンUPしていきます！！ ジャルジャルがネタ帳に書き留めたネタになる...,2018-09-03T09:00:09.000Z
ZvCBwL0BN3g,ジャルジャルのネタのタネ『サラッとキツいこと言う奴』【JARUJARUTOWER】,このチャンネルはジャルジャルの公式チャンネルです！ 日々の活動をドンドンUPしていきます！！ ジャルジャルがネタ帳に書き留めたネタになる...,2018-09-02T09:00:06.000Z
V4UCi-2Qp9M,ジャルジャルのネタのタネ『じわじわ引く奴』【JARUJARUTOWER】,このチャンネルはジャルジャルの公式チャンネルです！ 日々の活動をドンドンUPしていきます！！ ジャルジャルがネタ帳に書き留めたネタになる...,2018-08-30T09:00:02.000Z
SabFDdLjK7M,ジャルジャルのネタのタネ『すぐ方針変える奴』【JARUJARUTOWER】,このチャンネルはジャルジャルの公式チャンネルです！ 日々の活動をドンドンUPしていきます！！ ジャルジャルがネタ帳に書き留めたネタになる...,2018-08-28T09:00:04.000Z
oPVSYB-8BEI,ジャルジャルのネタのタネ『説明下手な奴』【JARUJARUTOWER】,このチャンネルはジャルジャルの公式チャンネルです！ 日々の活動をドンドンUPしていきます！！ ジャルジャルがネタ帳に書き留めたネタになる...,2018-08-27T09:00:03.000Z
nmg_bHrxcmA,ジャルジャルのネタのタネ『最初笑ってたのに、じわじわキレる奴』【JARUJARUTOWER】,このチャンネルはジャルジャルの公式チャンネルです！ 日々の活動をドンドンUPしていきます！！ ジャルジャルがネタ帳に書き留めたネタになる...,2018-08-25T09:00:12.000Z
d_ukb_3ShaM,ジャルジャルのネタのタネ『天才すぎて変な奴』【JARUJARUTOWER】,このチャンネルはジャルジャルの公式チャンネルです！ 日々の活動をドンドンUPしていきます！！ ジャルジャルがネタ帳に書き留めたネタになる...,2018-08-22T09:00:02.000Z
y1hP_9GDnGg,ジャルジャルのネタのタネ『うるさ過ぎてかたまる奴』【JARUJARUTOWER】,このチャンネルはジャルジャルの公式チャンネルです！ 日々の活動をドンドンUPしていきます！！ ジャルジャルがネタ帳に書き留めたネタになる...,2018-08-21T09:00:12.000Z
xieBTWvqcEk,ジャルジャルのネタのタネ『ヒント与えない奴』【JARUJARUTOWER】,このチャンネルはジャルジャルの公式チャンネルです！ 日々の活動をドンドンUPしていきます！！ ジャルジャルがネタ帳に書き留めたネタになる...,2018-08-14T09:00:10.000Z
RFsDGLtVFlc,ジャルジャルのネタのタネ『人まちがいしたのに恥ずかしくない奴』【JARUJARUTOWER】,このチャンネルはジャルジャルの公式チャンネルです！ 日々の活動をドンドンUPしていきます！！ ジャルジャルがネタ帳に書き留めたネタになる...,2018-08-12T09:00:02.000Z
1oenRtCoylg,ジャルジャルのネタのタネ『共通点多いのに飯断る奴』【JARUJARUTOWER】,このチャンネルはジャルジャルの公式チャンネルです！ 日々の活動をドンドンUPしていきます！！ ジャルジャルがネタ帳に書き留めたネタになる...,2018-08-11T09:00:00.000Z
gRihZJ4e3aM,ジャルジャルのネタのタネ『けん玉兄弟やらされてる奴(楽屋)』【JARUJARUTOWER】,このチャンネルはジャルジャルの公式チャンネルです！ 日々の活動をドンドンUPしていきます！！ ジャルジャルがネタ帳に書き留めたネタになる...,2018-08-08T09:00:01.000Z
zxP7bpbUiYY,ジャルジャルのネタのタネ『けん玉兄弟の奴』【JARUJARUTOWER】,このチャンネルはジャルジャルの公式チャンネルです！ 日々の活動をドンドンUPしていきます！！ ジャルジャルがネタ帳に書き留めたネタになる...,2018-08-06T09:00:07.000Z
WW5bpMI9nPg,ジャルジャルのネタのタネ『ちょけた出しもんして後悔する奴』【JARUJARUTOWER】,このチャンネルはジャルジャルの公式チャンネルです！ 日々の活動をドンドンUPしていきます！！ ジャルジャルがネタ帳に書き留めたネタになる...,2018-08-04T09:00:06.000Z
3G2zU7uY_Ao,ジャルジャルのネタのタネ『忙しくないのバレる奴』【JARUJARUTOWER】,このチャンネルはジャルジャルの公式チャンネルです！ 日々の活動をドンドンUPしていきます！！ ジャルジャルがネタ帳に書き留めたネタになる...,2018-08-01T09:00:02.000Z
n1PZKNvafLk,ジャルジャルのネタのタネ『角刈りフクロウな奴』【JARUJARUTOWER】,このチャンネルはジャルジャルの公式チャンネルです！ 日々の活動をドンドンUPしていきます！！ ジャルジャルがネタ帳に書き留めたネタになる...,2018-07-31T09:00:03.000Z
PoQpvEYm2yw,ジャルジャルのネタのタネ『鮎に屁を嗅がせる奴』【JARUJARUTOWER】,このチャンネルはジャルジャルの公式チャンネルです！ 日々の活動をドンドンUPしていきます！！ ジャルジャルがネタ帳に書き留めたネタになる...,2018-07-30T09:00:01.000Z
4x7oviDGCfk,ジャルジャルのネタのタネ『絶対受かったと思った奴』【JARUJARUTOWER】,このチャンネルはジャルジャルの公式チャンネルです！ 日々の活動をドンドンUPしていきます！！ ジャルジャルがネタ帳に書き留めたネタになる...,2018-07-29T09:00:00.000Z
oiM0r-DL_A4,ジャルジャルのネタのタネ『シュールなネタしそうな奴』【JARUJARUTOWER】,このチャンネルはジャルジャルの公式チャンネルです！ 日々の活動をドンドンUPしていきます！！ ジャルジャルがネタ帳に書き留めたネタになる...,2018-07-28T09:00:09.000Z
dgkAlMXPvGY,ジャルジャルのネタのタネ『客にドリンクこぼす前に店やめる奴』【JARUJARUTOWER】,このチャンネルはジャルジャルの公式チャンネルです！ 日々の活動をドンドンUPしていきます！！ ジャルジャルがネタ帳に書き留めたネタになる...,2018-07-27T09:00:04.000Z
fsoykq0dCg4,ジャルジャルのネタのタネ『客にドリンクこぼした瞬間店やめる奴』【JARUJARUTOWER】,このチャンネルはジャルジャルの公式チャンネルです！ 日々の活動をドンドンUPしていきます！！ ジャルジャルがネタ帳に書き留めたネタになる...,2018-07-25T09:00:02.000Z
Fbfbf5q7Jdo,ジャルジャルのネタのタネ『新任早々お笑い指導する奴』【JARUJARUTOWER】,このチャンネルはジャルジャルの公式チャンネルです！ 日々の活動をドンドンUPしていきます！！ ジャルジャルがネタ帳に書き留めたネタになる...,2018-07-23T09:00:03.000Z
UnHzghzl_Rg,ジャルジャルのネタのタネ『漫才に賭ける奴③』【JARUJARUTOWER】,このチャンネルはジャルジャルの公式チャンネルです！ 日々の活動をドンドンUPしていきます！！ ジャルジャルがネタ帳に書き留めたネタになる...,2018-07-17T09:00:01.000Z
zOVxrUVaXU8,ジャルジャルのネタのタネ『漫才に賭ける奴①』【JARUJARUTOWER】,このチャンネルはジャルジャルの公式チャンネルです！ 日々の活動をドンドンUPしていきます！！ ジャルジャルがネタ帳に書き留めたネタになる...,2018-07-15T09:00:05.000Z
xPkFLP817mE,コントを見てほしいからチャンネル登録者を増やしたい奴#02,しきなぎではぽんさんの動画にも出演しています！↓ https://www.youtube.com/watch?v=e1iHxUDcRDU&feature=youtu.be しきなぎではぽんさんのチャンネル↓ ...,2018-07-13T10:00:13.000Z
yVbNoH7QEyw,ジャルジャルのネタのタネ『参観日で地獄見る奴』【JARUJARUTOWER】,このチャンネルはジャルジャルの公式チャンネルです！ 日々の活動をドンドンUPしていきます！！ ジャルジャルがネタ帳に書き留めたネタになる...,2018-07-13T09:00:04.000Z
mRhZCMMZnOk,ジャルジャルのネタのタネ『ボケたい奴』【JARUJARUTOWER】,このチャンネルはジャルジャルの公式チャンネルです！ 日々の活動をドンドンUPしていきます！！ ジャルジャルがネタ帳に書き留めたネタになる...,2018-07-10T09:00:07.000Z
7PdpUi76EMQ,ジャルジャルのネタのタネ『落語で結婚祝いする奴』【JARUJARUTOWER】,このチャンネルはジャルジャルの公式チャンネルです！ 日々の活動をドンドンUPしていきます！！ ジャルジャルがネタ帳に書き留めたネタになる...,2018-07-09T09:00:00.000Z
DvzV2VmFo2Y,ジャルジャルのネタのタネ『無理やりヘンなことさせる奴』【JARUJARUTOWER】,このチャンネルはジャルジャルの公式チャンネルです！ 日々の活動をドンドンUPしていきます！！ ジャルジャルがネタ帳に書き留めたネタになる...,2018-07-08T09:00:04.000Z
mlJAF8FB9g8,ジャルジャルのネタのタネ『価値観大事にする奴①』【JARUJARUTOWER】,このチャンネルはジャルジャルの公式チャンネルです！ 日々の活動をドンドンUPしていきます！！ ジャルジャルがネタ帳に書き留めたネタになる...,2018-07-02T09:00:08.000Z
mCGtGLeD2tk,ジャルジャルのネタのタネ『ラグビー教える奴』【JARUJARUTOWER】,このチャンネルはジャルジャルの公式チャンネルです！ 日々の活動をドンドンUPしていきます！！ ジャルジャルがネタ帳に書き留めたネタになる...,2018-07-01T09:00:07.000Z
NxDgn-_nSAw,ジャルジャルのネタのタネ『初めてカラオケ行く奴 06:00〜』【JARUJARUTOWER】,このチャンネルはジャルジャルの公式チャンネルです！ 日々の活動をドンドンUPしていきます！！ ジャルジャルがネタ帳に書き留めたネタになる...,2018-06-28T09:00:01.000Z
