,videoId,title,description,publishedAt,commentCount,dislikeCount,favoriteCount,likeCount,viewCount
0,JfzbuBBCHNk,『タイトルと曲のバランス合ってない奴』ジャルジャルのネタのタネ【JARUJARUTOWER】,このチャンネルはジャルジャルの公式チャンネルです！ 日々の活動をドンドンUPしていきます！！ ジャルジャルがネタ帳に書き留めたネタになる...,2019-12-12T09:00:03.000Z,638,25,0,1190,49859
1,Ej62S63vZL0,『「なんでミスするの？」って言うコーチの奴』ジャルジャルのネタのタネ【JARUJARUTOWER】,このチャンネルはジャルジャルの公式チャンネルです！ 日々の活動をドンドンUPしていきます！！ ジャルジャルがネタ帳に書き留めたネタになる...,2019-12-11T09:00:05.000Z,786,40,0,1804,89453
2,lH8VTmQOLWA,『優勝インタビューで「よいしょー」って言う奴』ジャルジャルのネタのタネ【JARUJARUTOWER】,このチャンネルはジャルジャルの公式チャンネルです！ 日々の活動をドンドンUPしていきます！！ ジャルジャルがネタ帳に書き留めたネタになる...,2019-12-10T09:00:10.000Z,648,28,0,1261,58400
3,I7xKy_RXJ_g,『サウナ入る南って奴』ジャルジャルのネタのタネ【JARUJARUTOWER】,このチャンネルはジャルジャルの公式チャンネルです！ 日々の活動をドンドンUPしていきます！！ ジャルジャルがネタ帳に書き留めたネタになる...,2019-12-09T09:00:03.000Z,774,32,0,2589,124820
4,BoNiQ6LDh-4,『ちょっと変な先生な奴』ジャルジャルのネタのタネ【JARUJARUTOWER】,このチャンネルはジャルジャルの公式チャンネルです！ 日々の活動をドンドンUPしていきます！！ ジャルジャルがネタ帳に書き留めたネタになる...,2019-12-08T09:00:05.000Z,858,44,0,1641,78317
5,ixvrRdtyYQw,『息子の手紙に泣かへん奴』ジャルジャルのネタのタネ【JARUJARUTOWER】,このチャンネルはジャルジャルの公式チャンネルです！ 日々の活動をドンドンUPしていきます！！ ジャルジャルがネタ帳に書き留めたネタになる...,2019-12-07T09:00:09.000Z,762,40,0,1917,94765
6,Z6WDr0GQZ_k,『屁の振動で文字書く奴』ジャルジャルのネタのタネ【JARUJARUTOWER】,このチャンネルはジャルジャルの公式チャンネルです！ 日々の活動をドンドンUPしていきます！！ ジャルジャルがネタ帳に書き留めたネタになる...,2019-12-06T09:00:07.000Z,911,40,0,2486,98908
7,1iTijroi26E,『「そりゃそうや」しか言わん奴』ジャルジャルのネタのタネ【JARUJARUTOWER】,このチャンネルはジャルジャルの公式チャンネルです！ 日々の活動をドンドンUPしていきます！！ ジャルジャルがネタ帳に書き留めたネタになる...,2019-12-05T09:00:01.000Z,957,43,0,2211,95728
8,kPep5t5s7w4,ジャルジャルタワー２億回再生突破！記念ライブ,音声に不備があった部分を修正致しました。 このチャンネルはジャルジャルの公式チャンネルです！ 日々の活動をドンドンUPしていきます！...,2019-12-04T11:00:07.000Z,254,20,0,1152,49355
9,vc3UnM8n5AQ,『珍しい形で会社乗っ取る奴』ジャルジャルのネタのタネ【JARUJARUTOWER】,このチャンネルはジャルジャルの公式チャンネルです！ 日々の活動をドンドンUPしていきます！！ ジャルジャルがネタ帳に書き留めたネタになる...,2019-12-04T09:00:14.000Z,664,147,0,3866,307630
10,TJNiKDDa_bA,ジャルジャル、スーツを新調する！#1,このチャンネルはジャルジャルの公式チャンネルです！ 日々の活動をドンドンUPしていきます！！ ジャルジャルがネタ帳に書き留めたネタになる...,2019-12-03T09:00:04.000Z,380,9,0,665,34548
11,LD_pdXtZiBc,『オレオレ詐欺の電話かかってくる南って奴』ジャルジャルのネタのタネ【JARUJARUTOWER】,このチャンネルはジャルジャルの公式チャンネルです！ 日々の活動をドンドンUPしていきます！！ ジャルジャルがネタ帳に書き留めたネタになる...,2019-12-03T09:00:03.000Z,680,68,0,3220,198722
12,XONq5y-kIGI,ジャルジャル、スーツを新調する！#2,このチャンネルはジャルジャルの公式チャンネルです！ 日々の活動をドンドンUPしていきます！！ ジャルジャルがネタ帳に書き留めたネタになる...,2019-12-03T09:00:11.000Z,306,11,0,720,32674
13,7I5yAp_ALgE,ジャルジャル、スーツを新調する！#3,このチャンネルはジャルジャルの公式チャンネルです！ 日々の活動をドンドンUPしていきます！！ ジャルジャルがネタ帳に書き留めたネタになる...,2019-12-03T09:00:00.000Z,279,15,0,557,24543
14,otxv_aUBqME,コメント読む奴〜10月編〜,このチャンネルはジャルジャルの公式チャンネルです！ コメントを読む奴は今後、毎月発表して行きます！ 更新は撮影の関係で固定の曜日ではあ...,2019-12-03T09:00:07.000Z,571,11,0,1382,42912
15,Ubm5YznzSDE,『「日本人かーい！」って言う奴』ジャルジャルのネタのタネ【JARUJARUTOWER】,このチャンネルはジャルジャルの公式チャンネルです！ 日々の活動をドンドンUPしていきます！！ ジャルジャルがネタ帳に書き留めたネタになる...,2019-12-02T09:00:06.000Z,938,70,0,2324,114249
16,uwJ333RzaDs,『一人言で銀行強盗説得する奴』ジャルジャルのネタのタネ【JARUJARUTOWER】,このチャンネルはジャルジャルの公式チャンネルです！ 日々の活動をドンドンUPしていきます！！ ジャルジャルがネタ帳に書き留めたネタになる...,2019-11-30T09:00:13.000Z,1138,494,0,10151,719970
17,MoO3Ehe2PlE,『深呼吸の吐く量、少ない奴』ジャルジャルのネタのタネ【JARUJARUTOWER】,このチャンネルはジャルジャルの公式チャンネルです！ 日々の活動をドンドンUPしていきます！！ ジャルジャルがネタ帳に書き留めたネタになる...,2019-11-29T09:00:08.000Z,487,27,0,1798,80719
18,A5lS2PzS6EA,『足つぼマッサージする南って奴』ジャルジャルのネタのタネ【JARUJARUTOWER】,このチャンネルはジャルジャルの公式チャンネルです！ 日々の活動をドンドンUPしていきます！！ ジャルジャルがネタ帳に書き留めたネタになる...,2019-11-28T09:00:03.000Z,691,41,0,2059,94833
19,4VzTfKGNy5Y,『服屋でバーベキューした奴』ジャルジャルのネタのタネ【JARUJARUTOWER】,このチャンネルはジャルジャルの公式チャンネルです！ 日々の活動をドンドンUPしていきます！！ ジャルジャルがネタ帳に書き留めたネタになる...,2019-11-27T09:00:00.000Z,738,65,0,2810,161310
20,x5HGBXewGDA,『オーダーミスで体固まる奴』ジャルジャルのネタのタネ【JARUJARUTOWER】,このチャンネルはジャルジャルの公式チャンネルです！ 日々の活動をドンドンUPしていきます！！ ジャルジャルがネタ帳に書き留めたネタになる...,2019-11-26T09:00:09.000Z,748,52,0,2205,138495
21,v0BDGNBVoME,ジャルっと！爆ハリ！#185,このチャンネルはジャルジャルの公式チャンネルです！ 日々の活動をドンドンUPしていきます！！ ジャルジャルがネタ帳に書き留めたネタになる...,2019-11-25T09:00:13.000Z,176,334,0,335,10381
22,y1Bz4lB9jp0,『拾った財布にサインする舞台俳優な奴』ジャルジャルのネタのタネ【JARUJARUTOWER】,このチャンネルはジャルジャルの公式チャンネルです！ 日々の活動をドンドンUPしていきます！！ ジャルジャルがネタ帳に書き留めたネタになる...,2019-11-24T09:00:07.000Z,647,43,0,1859,117359
23,BK_Wxh2uknA,『ボディービルダーおちょくる会社を立ち上げたい奴』ジャルジャルのネタのタネ【JARUJARUTOWER】,このチャンネルはジャルジャルの公式チャンネルです！ 日々の活動をドンドンUPしていきます！！ ジャルジャルがネタ帳に書き留めたネタになる...,2019-11-23T09:00:01.000Z,812,82,0,2620,161248
24,-geFcqS1mZQ,『ケンカするほどではない奴』ジャルジャルのネタのタネ【JARUJARUTOWER】,このチャンネルはジャルジャルの公式チャンネルです！ 日々の活動をドンドンUPしていきます！！ ジャルジャルがネタ帳に書き留めたネタになる...,2019-11-22T09:00:00.000Z,444,35,0,1645,97266
25,TOk1evi1sdE,『昔、そいつにシバかれた奴』ジャルジャルのネタのタネ【JARUJARUTOWER】,このチャンネルはジャルジャルの公式チャンネルです！ 日々の活動をドンドンUPしていきます！！ ジャルジャルがネタ帳に書き留めたネタになる...,2019-11-21T09:00:06.000Z,1224,282,0,7788,704466
26,hgh_-M48oao,『本番で声震える奴』ジャルジャルのネタのタネ【JARUJARUTOWER】,このチャンネルはジャルジャルの公式チャンネルです！ 日々の活動をドンドンUPしていきます！！ ジャルジャルがネタ帳に書き留めたネタになる...,2019-11-20T09:00:09.000Z,779,36,0,2577,125983
27,6ntFwxcXMP8,『「分かりました！」って言うけど分かってない奴』ジャルジャルのネタのタネ【JARUJARUTOWER】,このチャンネルはジャルジャルの公式チャンネルです！ 日々の活動をドンドンUPしていきます！！ ジャルジャルがネタ帳に書き留めたネタになる...,2019-11-19T09:00:02.000Z,696,58,0,2276,137784
28,8g6jHU_ZmiI,『強豪サッカー部の新任コーチな奴』ジャルジャルのネタのタネ【JARUJARUTOWER】,このチャンネルはジャルジャルの公式チャンネルです！ 日々の活動をドンドンUPしていきます！！ ジャルジャルがネタ帳に書き留めたネタになる...,2019-11-18T09:00:01.000Z,818,170,0,4810,502426
29,JI62RveJ0f4,『笑ってる客に「セコい」って言う漫才師な奴』ジャルジャルのネタのタネ【JARUJARUTOWER】,このチャンネルはジャルジャルの公式チャンネルです！ 日々の活動をドンドンUPしていきます！！ ジャルジャルがネタ帳に書き留めたネタになる...,2019-11-17T09:00:05.000Z,539,34,0,1697,103353
30,fXHO4ds8_4c,『客のもの欲しがる引っ越し業者の奴』ジャルジャルのネタのタネ【JARUJARUTOWER】,このチャンネルはジャルジャルの公式チャンネルです！ 日々の活動をドンドンUPしていきます！！ ジャルジャルがネタ帳に書き留めたネタになる...,2019-11-14T09:00:07.000Z,502,36,0,1777,112137
31,BuMQTtxY0RM,『スカウトされて大学と就職先をやめる奴』ジャルジャルのネタのタネ【JARUJARUTOWER】,このチャンネルはジャルジャルの公式チャンネルです！ 日々の活動をドンドンUPしていきます！！ ジャルジャルがネタ帳に書き留めたネタになる...,2019-11-13T09:00:02.000Z,537,65,0,2928,216089
32,rHgFJ77LPRU,『主婦ボクサーに密着する奴』ジャルジャルのネタのタネ【JARUJARUTOWER】,このチャンネルはジャルジャルの公式チャンネルです！ 日々の活動をドンドンUPしていきます！！ ジャルジャルがネタ帳に書き留めたネタになる...,2019-11-12T09:00:10.000Z,706,83,0,1216,63264
33,w3e9Pwkly9o,『怒鳴るタイミング予想する奴』ジャルジャルのネタのタネ【JARUJARUTOWER】,このチャンネルはジャルジャルの公式チャンネルです！ 日々の活動をドンドンUPしていきます！！ ジャルジャルがネタ帳に書き留めたネタになる...,2019-11-11T09:00:09.000Z,623,60,0,2391,118650
34,PKsiBPLtZm0,ジャルっと！爆ハリ！#183,このチャンネルはジャルジャルの公式チャンネルです！ 日々の活動をドンドンUPしていきます！！ ジャルジャルがネタ帳に書き留めたネタになる...,2019-11-11T09:00:02.000Z,203,72,0,197,10357
35,CVJevNmq5w4,『主婦ボクサーと脱サラ５０代カメラマンな奴』ジャルジャルのネタのタネ【JARUJARUTOWER】,このチャンネルはジャルジャルの公式チャンネルです！ 日々の活動をドンドンUPしていきます！！ ジャルジャルがネタ帳に書き留めたネタになる...,2019-11-10T09:00:00.000Z,450,19,0,1186,54051
36,i_Unro5Oims,『主婦でボクサーな奴』ジャルジャルのネタのタネ【JARUJARUTOWER】,このチャンネルはジャルジャルの公式チャンネルです！ 日々の活動をドンドンUPしていきます！！ ジャルジャルがネタ帳に書き留めたネタになる...,2019-11-09T09:00:06.000Z,502,25,0,1367,70922
37,DbLOlBRaQ2s,『ヤバい店員にヤバい客にされた奴』ジャルジャルのネタのタネ【JARUJARUTOWER】,このチャンネルはジャルジャルの公式チャンネルです！ 日々の活動をドンドンUPしていきます！！ ジャルジャルがネタ帳に書き留めたネタになる...,2019-11-08T09:00:04.000Z,676,98,0,3170,185685
38,3OSorcaY_AU,『ジムで話しかけられる奴』ジャルジャルのネタのタネ【JARUJARUTOWER】,このチャンネルはジャルジャルの公式チャンネルです！ 日々の活動をドンドンUPしていきます！！ ジャルジャルがネタ帳に書き留めたネタになる...,2019-11-07T09:00:01.000Z,515,28,0,1695,77214
39,KYJzoiZcZfg,『これ見て時間無駄にする奴』ジャルジャルのネタのタネ【JARUJARUTOWER】,このチャンネルはジャルジャルの公式チャンネルです！ 日々の活動をドンドンUPしていきます！！ ジャルジャルがネタ帳に書き留めたネタになる...,2019-11-06T09:00:03.000Z,1147,157,0,2165,72448
40,caVc3wn4ar8,『ボーリングでボコりたい奴』ジャルジャルのネタのタネ【JARUJARUTOWER】,このチャンネルはジャルジャルの公式チャンネルです！ 日々の活動をドンドンUPしていきます！！ ジャルジャルがネタ帳に書き留めたネタになる...,2019-11-05T09:00:08.000Z,630,48,0,2258,153485
41,tCgypBnEFfQ,『減量中のボクサーとコンビ組んでる奴』ジャルジャルのネタのタネ【JARUJARUTOWER】,このチャンネルはジャルジャルの公式チャンネルです！ 日々の活動をドンドンUPしていきます！！ ジャルジャルがネタ帳に書き留めたネタになる...,2019-11-04T09:00:08.000Z,990,83,0,2641,178512
42,3eFpgV-hBK4,『南っていう奴〜お父さん〜』ジャルジャルのネタのタネ【JARUJARUTOWER】,このチャンネルはジャルジャルの公式チャンネルです！ 日々の活動をドンドンUPしていきます！！ ジャルジャルがネタ帳に書き留めたネタになる...,2019-11-02T09:00:00.000Z,902,40,0,3929,154551
43,drPQHCoWLVk,『ギャグの練習したのに本番フラない奴』ジャルジャルのネタのタネ【JARUJARUTOWER】,このチャンネルはジャルジャルの公式チャンネルです！ 日々の活動をドンドンUPしていきます！！ ジャルジャルがネタ帳に書き留めたネタになる...,2019-11-01T09:00:12.000Z,560,42,0,1622,118850
44,3kXQQHoJkMo,『チャラ男番長のネタを見る奴 パート43』ジャルジャルのネタのタネ【JARUJARUTOWER】,このチャンネルはジャルジャルの公式チャンネルです！ 日々の活動をドンドンUPしていきます！！ ジャルジャルがネタ帳に書き留めたネタになる...,2019-10-31T09:00:00.000Z,638,4519,0,505,47676
45,0BIrjiYQvL4,コメント読む奴〜９月編〜,このチャンネルはジャルジャルの公式チャンネルです！ コメントを読む奴は今後、毎月発表して行きます！ 更新は撮影の関係で固定の曜日ではあ...,2019-10-30T09:00:00.000Z,673,16,0,1941,66995
46,SGWz_g7MMh4,『ギャグ魔神に「サブい」っていうバイト先の奴』ジャルジャルのネタのタネ【JARUJARUTOWER】,このチャンネルはジャルジャルの公式チャンネルです！ 日々の活動をドンドンUPしていきます！！ ジャルジャルがネタ帳に書き留めたネタになる...,2019-10-30T09:00:03.000Z,1041,69,0,3297,176489
47,1WAMs90e_T8,『面接官の頭、叩く奴』ジャルジャルのネタのタネ【JARUJARUTOWER】,このチャンネルはジャルジャルの公式チャンネルです！ 日々の活動をドンドンUPしていきます！！ ジャルジャルがネタ帳に書き留めたネタになる...,2019-10-29T09:00:00.000Z,621,62,0,2972,165393
48,PAFjSe6hpKo,『教習所に通う関東出身のツッコミ下手な奴』ジャルジャルのネタのタネ【JARUJARUTOWER】,このチャンネルはジャルジャルの公式チャンネルです！ 日々の活動をドンドンUPしていきます！！ ジャルジャルがネタ帳に書き留めたネタになる...,2019-10-28T09:00:02.000Z,1880,418,0,6148,357236
49,UV8sD7_7Q_Q,『有名人もじった名前やのに似てない奴』ジャルジャルのネタのタネ【JARUJARUTOWER】,このチャンネルはジャルジャルの公式チャンネルです！ 日々の活動をドンドンUPしていきます！！ ジャルジャルがネタ帳に書き留めたネタになる...,2019-10-27T09:00:03.000Z,508,32,0,1486,90460
50,PvgJf7Oj3l0,『ポン酢のＣＭ撮る奴』ジャルジャルのネタのタネ【JARUJARUTOWER】,このチャンネルはジャルジャルの公式チャンネルです！ 日々の活動をドンドンUPしていきます！！ ジャルジャルがネタ帳に書き留めたネタになる...,2019-10-26T09:00:04.000Z,535,44,0,2588,145194
51,mTAE4D5o8kM,『途中から見るとなんでウケてるか分からん漫才する奴』ジャルジャルのネタのタネ【JARUJARUTOWER】,このチャンネルはジャルジャルの公式チャンネルです！ 日々の活動をドンドンUPしていきます！！ ジャルジャルがネタ帳に書き留めたネタになる...,2019-10-25T09:00:15.000Z,890,108,0,4113,214772
52,GrXKK2F_bJ0,『チャラ男番長のネタを見る奴 パート42』ジャルジャルのネタのタネ【JARUJARUTOWER】,このチャンネルはジャルジャルの公式チャンネルです！ 日々の活動をドンドンUPしていきます！！ ジャルジャルがネタ帳に書き留めたネタになる...,2019-10-24T09:00:00.000Z,605,4571,0,541,53539
53,j0St0DlckzI,『口笛指揮者な奴』ジャルジャルのネタのタネ【JARUJARUTOWER】,このチャンネルはジャルジャルの公式チャンネルです！ 日々の活動をドンドンUPしていきます！！ ジャルジャルがネタ帳に書き留めたネタになる...,2019-10-23T09:00:10.000Z,477,33,0,1386,59892
54,yjoP2gAvyeY,『上司の短髪イジり過ぎてクビなる奴』ジャルジャルのネタのタネ【JARUJARUTOWER】,このチャンネルはジャルジャルの公式チャンネルです！ 日々の活動をドンドンUPしていきます！！ ジャルジャルがネタ帳に書き留めたネタになる...,2019-10-22T09:00:09.000Z,944,99,0,4595,314281
55,EtQ_uDouY68,ジャルっと！爆ハリ！#180,このチャンネルはジャルジャルの公式チャンネルです！ 日々の活動をドンドンUPしていきます！！ ジャルジャルがネタ帳に書き留めたネタになる...,2019-10-21T09:00:02.000Z,191,54,0,160,11800
56,MnIFvR5Dz80,『短髪にした女な奴』ジャルジャルのネタのタネ【JARUJARUTOWER】,このチャンネルはジャルジャルの公式チャンネルです！ 日々の活動をドンドンUPしていきます！！ ジャルジャルがネタ帳に書き留めたネタになる...,2019-10-21T09:00:08.000Z,1051,55,0,3098,185664
57,q_yKu6v1Pl8,『あだ名『鬼軍曹』って人がいるから劇団やめる奴』ジャルジャルのネタのタネ【JARUJARUTOWER】,このチャンネルはジャルジャルの公式チャンネルです！ 日々の活動をドンドンUPしていきます！！ ジャルジャルがネタ帳に書き留めたネタになる...,2019-10-19T09:00:08.000Z,440,54,0,2146,176380
58,zul0On_N4zo,『ツッコミに抑揚ない奴』ジャルジャルのネタのタネ【JARUJARUTOWER】,このチャンネルはジャルジャルの公式チャンネルです！ 日々の活動をドンドンUPしていきます！！ ジャルジャルがネタ帳に書き留めたネタになる...,2019-10-18T09:00:16.000Z,1126,82,0,2671,170660
59,0Pls0xnbO9A,『気持ちで歌わせる奴』ジャルジャルのネタのタネ【JARUJARUTOWER】,このチャンネルはジャルジャルの公式チャンネルです！ 日々の活動をドンドンUPしていきます！！ ジャルジャルがネタ帳に書き留めたネタになる...,2019-10-17T09:00:00.000Z,693,31,0,1692,82000
60,cHW3-Hyz5Lw,『アホ太郎っていう奴』ジャルジャルのネタのタネ【JARUJARUTOWER】,このチャンネルはジャルジャルの公式チャンネルです！ 日々の活動をドンドンUPしていきます！！ ジャルジャルがネタ帳に書き留めたネタになる...,2019-10-16T09:00:08.000Z,1057,89,0,4591,244178
61,UOk1YQjqScs,『漫才中に気絶しちゃう奴』ジャルジャルのネタのタネ【JARUJARUTOWER】,このチャンネルはジャルジャルの公式チャンネルです！ 日々の活動をドンドンUPしていきます！！ ジャルジャルがネタ帳に書き留めたネタになる...,2019-10-15T09:00:04.000Z,657,47,0,2170,119906
62,zq0PWbd2DCk,ジャルっと！爆ハリ！#179,このチャンネルはジャルジャルの公式チャンネルです！ 日々の活動をドンドンUPしていきます！！ ジャルジャルがネタ帳に書き留めたネタになる...,2019-10-14T09:00:10.000Z,241,92,0,284,18681
63,bAfZUfjP5QM,『ホットパンツピッチャーって言えへん奴』ジャルジャルのネタのタネ【JARUJARUTOWER】,このチャンネルはジャルジャルの公式チャンネルです！ 日々の活動をドンドンUPしていきます！！ ジャルジャルがネタ帳に書き留めたネタになる...,2019-10-14T09:00:06.000Z,824,38,0,2573,122194
64,atAm-WzsNQA,『怖すぎる劇団員な奴』ジャルジャルのネタのタネ【JARUJARUTOWER】,このチャンネルはジャルジャルの公式チャンネルです！ 日々の活動をドンドンUPしていきます！！ ジャルジャルがネタ帳に書き留めたネタになる...,2019-10-13T09:00:00.000Z,597,63,0,2671,171152
65,beN_UP5UPxc,『「しばくぞ」が口癖な奴』ジャルジャルのネタのタネ【JARUJARUTOWER】,このチャンネルはジャルジャルの公式チャンネルです！ 日々の活動をドンドンUPしていきます！！ ジャルジャルがネタ帳に書き留めたネタになる...,2019-10-12T09:00:04.000Z,1102,77,0,3654,249659
66,RqtLIg0cpVo,本気ネタ！『対処はやい奴』【JARUJARUTOWER】,このチャンネルはジャルジャルの公式チャンネルです！ 日々の活動をドンドンUPしていきます！！ ジャルジャルがネタ帳に書き留めたネタになる...,2019-10-11T09:00:02.000Z,426,20,0,3757,148365
67,jFkIxjMvsX0,本気ネタ！『あんまりよくない歌、作る奴』【JARUJARUTOWER】,このチャンネルはジャルジャルの公式チャンネルです！ 日々の活動をドンドンUPしていきます！！ ジャルジャルがネタ帳に書き留めたネタになる...,2019-10-11T09:00:05.000Z,929,131,0,5341,438826
68,rz8WAqtUHbo,『かつあげされる奴』ジャルジャルのネタのタネ【JARUJARUTOWER】,このチャンネルはジャルジャルの公式チャンネルです！ 日々の活動をドンドンUPしていきます！！ ジャルジャルがネタ帳に書き留めたネタになる...,2019-10-11T09:00:10.000Z,578,153,0,2866,313112
69,r24xLLbrMaM,本気ネタ！『師匠にぶりっ子する奴』【JARUJARUTOWER】,このチャンネルはジャルジャルの公式チャンネルです！ 日々の活動をドンドンUPしていきます！！ ジャルジャルがネタ帳に書き留めたネタになる...,2019-10-11T09:00:12.000Z,754,75,0,4742,269484
70,f63zxLt3FhI,本気ネタ！『調子乗ってスタートダッシュする奴』【JARUJARUTOWER】,このチャンネルはジャルジャルの公式チャンネルです！ 日々の活動をドンドンUPしていきます！！ ジャルジャルがネタ帳に書き留めたネタになる...,2019-10-11T09:00:06.000Z,363,37,0,2968,140814
71,b1Yu2YzzYxo,本気ネタ！『おもしろそうなアニメの声聞こえてくる奴』【JARUJARUTOWER】,このチャンネルはジャルジャルの公式チャンネルです！ 日々の活動をドンドンUPしていきます！！ ジャルジャルがネタ帳に書き留めたネタになる...,2019-10-11T09:00:03.000Z,770,122,0,6011,405005
72,8RjYNCHZR0U,『最高ランクな先生な奴』ジャルジャルのネタのタネ【JARUJARUTOWER】,このチャンネルはジャルジャルの公式チャンネルです！ 日々の活動をドンドンUPしていきます！！ ジャルジャルがネタ帳に書き留めたネタになる...,2019-10-09T09:00:01.000Z,1108,146,0,7642,503964
73,YyAVuRvATko,『最低ランクな先生な奴』ジャルジャルのネタのタネ【JARUJARUTOWER】,このチャンネルはジャルジャルの公式チャンネルです！ 日々の活動をドンドンUPしていきます！！ ジャルジャルがネタ帳に書き留めたネタになる...,2019-10-08T09:00:06.000Z,943,74,0,3818,277036
74,tKeJBi2X8Lw,ジャルっと！爆ハリ！#178,このチャンネルはジャルジャルの公式チャンネルです！ 日々の活動をドンドンUPしていきます！！ ジャルジャルがネタ帳に書き留めたネタになる...,2019-10-07T09:00:10.000Z,166,87,0,254,16977
75,7g6SkFt7Ioc,『ボクシングしながら数学教える奴』ジャルジャルのネタのタネ【JARUJARUTOWER】,このチャンネルはジャルジャルの公式チャンネルです！ 日々の活動をドンドンUPしていきます！！ ジャルジャルがネタ帳に書き留めたネタになる...,2019-10-07T09:00:00.000Z,540,38,0,2043,108841
76,kAAmByKZXqg,『ハーモニカ教室通う南って奴』ジャルジャルのネタのタネ【JARUJARUTOWER】,このチャンネルはジャルジャルの公式チャンネルです！ 日々の活動をドンドンUPしていきます！！ ジャルジャルがネタ帳に書き留めたネタになる...,2019-10-06T09:00:08.000Z,1136,62,0,5384,235372
77,Nf77oNHY5dM,『チャラ男番長のネタを見る奴 パート41』ジャルジャルのネタのタネ【JARUJARUTOWER】,このチャンネルはジャルジャルの公式チャンネルです！ 日々の活動をドンドンUPしていきます！！ ジャルジャルがネタ帳に書き留めたネタになる...,2019-10-05T09:00:04.000Z,773,6731,0,843,80486
78,RCkF_MMubPI,『怒られる唇ぶる男って奴』ジャルジャルのネタのタネ【JARUJARUTOWER】,このチャンネルはジャルジャルの公式チャンネルです！ 日々の活動をドンドンUPしていきます！！ ジャルジャルがネタ帳に書き留めたネタになる...,2019-10-04T09:00:03.000Z,599,91,0,1955,93049
79,3QzMNEKO_xs,『ハズレの先生に家庭訪問される奴』ジャルジャルのネタのタネ【JARUJARUTOWER】,このチャンネルはジャルジャルの公式チャンネルです！ 日々の活動をドンドンUPしていきます！！ ジャルジャルがネタ帳に書き留めたネタになる...,2019-10-03T09:00:00.000Z,3596,416,0,15431,969132
80,T2SUJ7kcwOE,『楽器忘れたんバレた奴』ジャルジャルのネタのタネ【JARUJARUTOWER】,このチャンネルはジャルジャルの公式チャンネルです！ 日々の活動をドンドンUPしていきます！！ ジャルジャルがネタ帳に書き留めたネタになる...,2019-09-28T09:00:06.000Z,612,56,0,3875,236669
81,--KcnBOTY6k,2億回記念！本気ネタ！『スタンガン、効かん奴』【JARUJARUTOWER】,ジャルジャルが毎日１本ネタを無料配信するYoutube公式チャンネル「JARU JARU TOWER」で配信している動画の合計再生回数が2億回を突破しました。...,2019-09-27T09:00:00.000Z,1074,276,0,10084,1019044
82,BBaDZfDQlHI,2億回記念！本気ネタ！『黙って相手に言わす奴』【JARUJARUTOWER】,ジャルジャルが毎日１本ネタを無料配信するYoutube公式チャンネル「JARU JARU TOWER」で配信している動画の合計再生回数が2億回を突破しました。...,2019-09-27T09:00:01.000Z,571,115,0,4820,497765
83,VvXYtEq4E8c,2億回記念！本気ネタ！『カバはカバと思っている奴』【JARUJARUTOWER】,ジャルジャルが毎日１本ネタを無料配信するYoutube公式チャンネル「JARU JARU TOWER」で配信している動画の合計再生回数が2億回を突破しました。...,2019-09-27T09:00:04.000Z,657,134,0,6932,463608
84,YxqWaKFX-IE,2億回記念！本気ネタ！『退場になってダダこねまくる奴』【JARUJARUTOWER】,ジャルジャルが毎日１本ネタを無料配信するYoutube公式チャンネル「JARU JARU TOWER」で配信している動画の合計再生回数が2億回を突破しました。...,2019-09-27T09:00:10.000Z,829,300,0,8929,804695
85,K2FAlsc90-A,2億回記念！本気ネタ！『高校生を子供扱いする奴』【JARUJARUTOWER】,ジャルジャルが毎日１本ネタを無料配信するYoutube公式チャンネル「JARU JARU TOWER」で配信している動画の合計再生回数が2億回を突破しました。...,2019-09-27T09:00:03.000Z,676,106,0,7419,457106
86,xa05QtpJtAY,『喋るスピード指導する奴』ジャルジャルのネタのタネ【JARUJARUTOWER】,このチャンネルはジャルジャルの公式チャンネルです！ 日々の活動をドンドンUPしていきます！！ ジャルジャルがネタ帳に書き留めたネタになる...,2019-09-27T09:00:10.000Z,269,31,0,1481,88040
87,LG2A51QJhd4,2億回記念！本気ネタ！『お尻ケガした奴』【JARUJARUTOWER】,ジャルジャルが毎日１本ネタを無料配信するYoutube公式チャンネル「JARU JARU TOWER」で配信している動画の合計再生回数が2億回を突破しました。...,2019-09-27T09:00:03.000Z,476,143,0,5764,513981
88,GW30zOaqQiI,2億回記念！本気ネタ！『ノリツッコミ長い奴』【JARUJARUTOWER】,ジャルジャルが毎日１本ネタを無料配信するYoutube公式チャンネル「JARU JARU TOWER」で配信している動画の合計再生回数が2億回を突破しました。...,2019-09-27T09:00:02.000Z,865,322,0,10108,1088316
89,O3HkWv3U7qU,2億回記念！本気ネタ！『尻にペットボトル入れるのバレる奴』【JARUJARUTOWER】,ジャルジャルが毎日１本ネタを無料配信するYoutube公式チャンネル「JARU JARU TOWER」で配信している動画の合計再生回数が2億回を突破しました。...,2019-09-27T09:00:02.000Z,283,45,0,2267,173947
90,1iKQMZfGEAs,2億回記念！本気ネタ！『ピアニストとコラボする奴』【JARUJARUTOWER】,ジャルジャルが毎日１本ネタを無料配信するYoutube公式チャンネル「JARU JARU TOWER」で配信している動画の合計再生回数が2億回を突破しました。...,2019-09-27T09:00:02.000Z,438,45,0,1965,82236
91,-wf94CUDDPg,2億回記念！本気ネタ！『変わってる奴』【JARUJARUTOWER】,ジャルジャルが毎日１本ネタを無料配信するYoutube公式チャンネル「JARU JARU TOWER」で配信している動画の合計再生回数が2億回を突破しました。...,2019-09-27T09:00:00.000Z,657,110,0,7251,384223
92,76pwJaymvf0,2億回記念！本気ネタ！『笛が落ちずにすんだ奴』【JARUJARUTOWER】,このチャンネルはジャルジャルの公式チャンネルです！ 日々の活動をドンドンUPしていきます！！ ジャルジャルがネタ帳に書き留めたネタになる...,2019-09-27T09:00:01.000Z,363,17,0,4044,106266
93,FEMk0JbFEXY,2億回記念！本気ネタ！『しょーもないことでもめる奴』【JARUJARUTOWER】,ジャルジャルが毎日１本ネタを無料配信するYoutube公式チャンネル「JARU JARU TOWER」で配信している動画の合計再生回数が2億回を突破しました。...,2019-09-27T09:00:02.000Z,375,43,0,2832,202907
94,1VXcAPbPDiM,2億回記念！本気ネタ！『知らんOBの挨拶ダルイ奴』【JARUJARUTOWER】,ジャルジャルが毎日１本ネタを無料配信するYoutube公式チャンネル「JARU JARU TOWER」で配信している動画の合計再生回数が2億回を突破しました。...,2019-09-27T09:00:00.000Z,451,105,0,6881,389432
95,nb19pgB_mC4,2億回記念！本気ネタ！『デビュー曲のタイトル勝手に決める奴』【JARUJARUTOWER】,ジャルジャルが毎日１本ネタを無料配信するYoutube公式チャンネル「JARU JARU TOWER」で配信している動画の合計再生回数が2億回を突破しました。...,2019-09-27T09:00:09.000Z,351,89,0,3195,364201
96,3gClxCwNUjw,2億回記念！本気ネタ！『頭おかしい奴』【JARUJARUTOWER】,ジャルジャルが毎日１本ネタを無料配信するYoutube公式チャンネル「JARU JARU TOWER」で配信している動画の合計再生回数が2億回を突破しました。...,2019-09-27T09:00:00.000Z,932,157,0,7358,573949
97,JCWTU6hfH9w,2億回記念！本気ネタ！『何回も確認する奴』【JARUJARUTOWER】,ジャルジャルが毎日１本ネタを無料配信するYoutube公式チャンネル「JARU JARU TOWER」で配信している動画の合計再生回数が2億回を突破しました。...,2019-09-27T09:00:05.000Z,407,108,0,4666,416422
98,2fuKvKLPIDk,2億回記念！本気ネタ！『人質チョイスミスった奴』【JARUJARUTOWER】,ジャルジャルが毎日１本ネタを無料配信するYoutube公式チャンネル「JARU JARU TOWER」で配信している動画の合計再生回数が2億回を突破しました。...,2019-09-27T09:00:00.000Z,1845,1312,0,44031,2822377
99,_YR-a_uTEPo,2億回記念！本気ネタ！『何回も生き返らされる奴』【JARUJARUTOWER】,ジャルジャルが毎日１本ネタを無料配信するYoutube公式チャンネル「JARU JARU TOWER」で配信している動画の合計再生回数が2億回を突破しました。...,2019-09-27T09:00:10.000Z,785,482,0,12105,1266020
100,RPXFYBRJVMw,『独裁者の卵な奴』ジャルジャルのネタのタネ【JARUJARUTOWER】,このチャンネルはジャルジャルの公式チャンネルです！ 日々の活動をドンドンUPしていきます！！ ジャルジャルがネタ帳に書き留めたネタになる...,2019-09-25T09:00:07.000Z,1537,370,0,13494,1085956
101,uT0fVxDwTS8,『一瞬変なこと言った医者な奴』ジャルジャルのネタのタネ【JARUJARUTOWER】,このチャンネルはジャルジャルの公式チャンネルです！ 日々の活動をドンドンUPしていきます！！ ジャルジャルがネタ帳に書き留めたネタになる...,2019-09-24T09:00:13.000Z,716,100,0,4789,282824
102,oYG6-IpG-vw,『キングオブコント決勝でやったネタ「野球部」をする奴』ジャルジャルのネタのタネ【JARUJARUTOWER】,このチャンネルはジャルジャルの公式チャンネルです！ 日々の活動をドンドンUPしていきます！！ ジャルジャルがネタ帳に書き留めたネタになる...,2019-09-21T13:15:00.000Z,1362,232,0,8640,617545
103,EyGMilxXmOA,『キングオブコント決勝でやったネタ「空き巣」をする奴』ジャルジャルのネタのタネ【JARUJARUTOWER】,このチャンネルはジャルジャルの公式チャンネルです！ 日々の活動をドンドンUPしていきます！！ ジャルジャルがネタ帳に書き留めたネタになる...,2019-09-21T13:15:01.000Z,1727,206,0,8431,776288
104,57FeWkbkkDs,『ウケ過ぎてテンション下がる奴』ジャルジャルのネタのタネ【JARUJARUTOWER】,このチャンネルはジャルジャルの公式チャンネルです！ 日々の活動をドンドンUPしていきます！！ ジャルジャルがネタ帳に書き留めたネタになる...,2019-09-21T09:00:01.000Z,1421,49,0,2906,189729
105,fPPoUnqrV9k,『路上でやるには向いてない漫才する奴』ジャルジャルのネタのタネ【JARUJARUTOWER】,このチャンネルはジャルジャルの公式チャンネルです！ 日々の活動をドンドンUPしていきます！！ ジャルジャルがネタ帳に書き留めたネタになる...,2019-09-20T09:00:11.000Z,789,68,0,2944,192534
106,8oY3kmyNjQ4,『転校初日に熟睡する奴』ジャルジャルのネタのタネ【JARUJARUTOWER】,このチャンネルはジャルジャルの公式チャンネルです！ 日々の活動をドンドンUPしていきます！！ ジャルジャルがネタ帳に書き留めたネタになる...,2019-09-19T09:00:00.000Z,998,87,0,4385,278452
107,i_XpwEohjng,『焦らんタイプの奴』ジャルジャルのネタのタネ【JARUJARUTOWER】,このチャンネルはジャルジャルの公式チャンネルです！ 日々の活動をドンドンUPしていきます！！ ジャルジャルがネタ帳に書き留めたネタになる...,2019-09-18T09:00:12.000Z,963,100,0,5442,372460
108,5avDGZu7FAI,『カラオケ延長するかどうかわからん奴』ジャルジャルのネタのタネ【JARUJARUTOWER】,このチャンネルはジャルジャルの公式チャンネルです！ 日々の活動をドンドンUPしていきます！！ ジャルジャルがネタ帳に書き留めたネタになる...,2019-09-14T09:00:02.000Z,1034,198,0,3863,326700
109,MgPH9moXd7U,『革ジャン着てる和食料理人な奴』ジャルジャルのネタのタネ【JARUJARUTOWER】,このチャンネルはジャルジャルの公式チャンネルです！ 日々の活動をドンドンUPしていきます！！ ジャルジャルがネタ帳に書き留めたネタになる...,2019-09-13T09:00:04.000Z,634,53,0,2266,157138
110,FGi-PRGC0ZE,『笑うときバシバシ叩く奴』ジャルジャルのネタのタネ【JARUJARUTOWER】,このチャンネルはジャルジャルの公式チャンネルです！ 日々の活動をドンドンUPしていきます！！ ジャルジャルがネタ帳に書き留めたネタになる...,2019-09-12T09:00:03.000Z,902,43,0,2378,134282
111,evN6vhOXfhg,『ツッコミ下手な関東人に頑張って喋りかける奴』ジャルジャルのネタのタネ【JARUJARUTOWER】,このチャンネルはジャルジャルの公式チャンネルです！ 日々の活動をドンドンUPしていきます！！ ジャルジャルがネタ帳に書き留めたネタになる...,2019-09-11T09:00:08.000Z,1213,89,0,4630,251898
112,XX6EOBjIUXU,『無名のミュージシャンに取材する奴』ジャルジャルのネタのタネ【JARUJARUTOWER】,このチャンネルはジャルジャルの公式チャンネルです！ 日々の活動をドンドンUPしていきます！！ ジャルジャルがネタ帳に書き留めたネタになる...,2019-09-10T09:00:09.000Z,634,78,0,2568,244762
113,9h9kg62-QMQ,『失礼なこと言われてもグッとこらえる奴』ジャルジャルのネタのタネ【JARUJARUTOWER】,このチャンネルはジャルジャルの公式チャンネルです！ 日々の活動をドンドンUPしていきます！！ ジャルジャルがネタ帳に書き留めたネタになる...,2019-09-09T09:00:00.000Z,546,57,0,1964,155558
114,xMypq32ThsI,『「続いてはジョージのコーナーです！」って言わされる奴』ジャルジャルのネタのタネ【JARUJARUTOWER】,このチャンネルはジャルジャルの公式チャンネルです！ 日々の活動をドンドンUPしていきます！！ ジャルジャルがネタ帳に書き留めたネタになる...,2019-09-08T09:00:12.000Z,868,71,0,2407,175108
115,psU8wybcKt4,『客逃す奴』ジャルジャルのネタのタネ【JARUJARUTOWER】,このチャンネルはジャルジャルの公式チャンネルです！ 日々の活動をドンドンUPしていきます！！ ジャルジャルがネタ帳に書き留めたネタになる...,2019-09-07T09:00:12.000Z,419,40,0,1845,129549
116,tIEluoU6M4s,『チャラ男番長のネタを見る奴 パート38』ジャルジャルのネタのタネ【JARUJARUTOWER】,このチャンネルはジャルジャルの公式チャンネルです！ 日々の活動をドンドンUPしていきます！！ ジャルジャルがネタ帳に書き留めたネタになる...,2019-09-06T09:00:16.000Z,676,4820,0,795,62433
117,RNC8LvbH_OE,『そりゃモノマネされる奴をモノマネする南っていう奴』ジャルジャルのネタのタネ【JARUJARUTOWER】,このチャンネルはジャルジャルの公式チャンネルです！ 日々の活動をドンドンUPしていきます！！ ジャルジャルがネタ帳に書き留めたネタになる...,2019-09-04T09:00:05.000Z,975,77,0,3213,133502
118,eLcLnUAp8bc,『バイト面接を受ける、関東出身のツッコミ下手な人な奴』ジャルジャルのネタのタネ【JARUJARUTOWER】,このチャンネルはジャルジャルの公式チャンネルです！ 日々の活動をドンドンUPしていきます！！ ジャルジャルがネタ帳に書き留めたネタになる...,2019-09-03T09:00:09.000Z,1794,170,0,6803,391945
119,Lt0n4oIyn24,『昼休みにタトゥー入れた奴』ジャルジャルのネタのタネ【JARUJARUTOWER】,このチャンネルはジャルジャルの公式チャンネルです！ 日々の活動をドンドンUPしていきます！！ ジャルジャルがネタ帳に書き留めたネタになる...,2019-09-02T09:00:10.000Z,1169,290,0,5570,705126
120,HsiyEMuTqOQ,『低姿勢頑固大将な奴』ジャルジャルのネタのタネ【JARUJARUTOWER】,このチャンネルはジャルジャルの公式チャンネルです！ 日々の活動をドンドンUPしていきます！！ ジャルジャルがネタ帳に書き留めたネタになる...,2019-09-01T09:00:06.000Z,946,90,0,3101,284461
121,r39HgtdJnfg,『客どかす奴』ジャルジャルのネタのタネ【JARUJARUTOWER】,このチャンネルはジャルジャルの公式チャンネルです！ 日々の活動をドンドンUPしていきます！！ ジャルジャルがネタ帳に書き留めたネタになる...,2019-08-31T09:00:16.000Z,890,113,0,3004,258267
122,EimMH-Tj5dU,『タトゥーの痛み耐えられへん奴』ジャルジャルのネタのタネ【JARUJARUTOWER】,このチャンネルはジャルジャルの公式チャンネルです！ 日々の活動をドンドンUPしていきます！！ ジャルジャルがネタ帳に書き留めたネタになる...,2019-08-28T09:00:05.000Z,1091,131,0,4756,443901
123,DsyW7dBpp08,『南っていう奴〜バイトの面接〜』ジャルジャルのネタのタネ【JARUJARUTOWER】,このチャンネルはジャルジャルの公式チャンネルです！ 日々の活動をドンドンUPしていきます！！ ジャルジャルがネタ帳に書き留めたネタになる...,2019-08-27T09:00:02.000Z,840,99,0,4099,241422
124,UseRaR6gHD8,『写真撮る時、顔にチャラさ出る奴』ジャルジャルのネタのタネ【JARUJARUTOWER】,このチャンネルはジャルジャルの公式チャンネルです！ 日々の活動をドンドンUPしていきます！！ ジャルジャルがネタ帳に書き留めたネタになる...,2019-08-25T09:00:09.000Z,630,108,0,3373,226747
125,Lrm3j56eJ5I,『ヤツって言う奴』ジャルジャルのネタのタネ【JARUJARUTOWER】,このチャンネルはジャルジャルの公式チャンネルです！ 日々の活動をドンドンUPしていきます！！ ジャルジャルがネタ帳に書き留めたネタになる...,2019-08-24T09:00:05.000Z,725,74,0,3562,294528
126,d6YhT25_IT8,『再会を予言したこと忘れる奴』ジャルジャルのネタのタネ【JARUJARUTOWER】,このチャンネルはジャルジャルの公式チャンネルです！ 日々の活動をドンドンUPしていきます！！ ジャルジャルがネタ帳に書き留めたネタになる...,2019-08-22T09:00:05.000Z,594,49,0,2203,151796
127,9v62OXOa_CI,『顔つる奴』ジャルジャルのネタのタネ【JARUJARUTOWER】,このチャンネルはジャルジャルの公式チャンネルです！ 日々の活動をドンドンUPしていきます！！ ジャルジャルがネタ帳に書き留めたネタになる...,2019-08-21T09:00:02.000Z,642,40,0,2210,110818
128,ZqNrR9uQyto,ジャルっと！爆ハリ！＃171,このチャンネルはジャルジャルの公式チャンネルです！ 日々の活動をドンドンUPしていきます！！ ジャルジャルがネタ帳に書き留めたネタになる...,2019-08-19T09:00:05.000Z,120,37,0,173,10185
129,krFc0_M4XWY,『言語覚える天才な奴』ジャルジャルのネタのタネ【JARUJARUTOWER】,このチャンネルはジャルジャルの公式チャンネルです！ 日々の活動をドンドンUPしていきます！！ ジャルジャルがネタ帳に書き留めたネタになる...,2019-08-19T09:00:07.000Z,2133,388,0,13233,1093674
130,wTK1pMU3ZBA,『勇気、持続せーへん奴』ジャルジャルのネタのタネ【JARUJARUTOWER】,このチャンネルはジャルジャルの公式チャンネルです！ 日々の活動をドンドンUPしていきます！！ ジャルジャルがネタ帳に書き留めたネタになる...,2019-08-18T09:00:09.000Z,495,60,0,1941,144789
131,ctSJkyyLK50,『入院してる病室教えへん奴』ジャルジャルのネタのタネ【JARUJARUTOWER】,このチャンネルはジャルジャルの公式チャンネルです！ 日々の活動をドンドンUPしていきます！！ ジャルジャルがネタ帳に書き留めたネタになる...,2019-08-16T09:00:15.000Z,1047,208,0,7455,650018
132,digaQhVm020,『密着ＯＫ、カメラＮＧな奴』ジャルジャルのネタのタネ【JARUJARUTOWER】,このチャンネルはジャルジャルの公式チャンネルです！ 日々の活動をドンドンUPしていきます！！ ジャルジャルがネタ帳に書き留めたネタになる...,2019-08-15T09:00:14.000Z,653,116,0,3508,325293
133,8M6JrkLAuoE,『木片でどつく奴』ジャルジャルのネタのタネ【JARUJARUTOWER】,このチャンネルはジャルジャルの公式チャンネルです！ 日々の活動をドンドンUPしていきます！！ ジャルジャルがネタ帳に書き留めたネタになる...,2019-08-13T09:00:00.000Z,574,34,0,1935,134985
134,yHo3UGtl7L0,じゃルっと！爆ハリ！＃170,このチャンネルはジャルジャルの公式チャンネルです！ 日々の活動をドンドンUPしていきます！！ ジャルジャルがネタ帳に書き留めたネタになる...,2019-08-12T09:00:08.000Z,158,47,0,232,12738
135,1E8ifWALfD4,『そば息子やのにダメ息子の奴』ジャルジャルのネタのタネ【JARUJARUTOWER】,このチャンネルはジャルジャルの公式チャンネルです！ 日々の活動をドンドンUPしていきます！！ ジャルジャルがネタ帳に書き留めたネタになる...,2019-08-12T09:00:00.000Z,613,56,0,1900,128618
136,u0WMN9vOAvY,『堂々としてたけど本当は怖かった奴』ジャルジャルのネタのタネ【JARUJARUTOWER】,このチャンネルはジャルジャルの公式チャンネルです！ 日々の活動をドンドンUPしていきます！！ ジャルジャルがネタ帳に書き留めたネタになる...,2019-08-11T09:00:07.000Z,1146,210,0,5769,444517
137,RAj_jVGIK7k,『日常、オノバサミな奴』ジャルジャルのネタのタネ【JARUJARUTOWER】,このチャンネルはジャルジャルの公式チャンネルです！ 日々の活動をドンドンUPしていきます！！ ジャルジャルがネタ帳に書き留めたネタになる...,2019-08-10T09:00:04.000Z,425,31,0,1561,94605
138,CMztIqNLdZs,『地声良いのに歌声普通の奴』ジャルジャルのネタのタネ【JARUJARUTOWER】,このチャンネルはジャルジャルの公式チャンネルです！ 日々の活動をドンドンUPしていきます！！ ジャルジャルがネタ帳に書き留めたネタになる...,2019-08-09T09:00:00.000Z,959,204,0,10886,1070326
139,9MjTFALthfU,『空手でスコップ使う奴』ジャルジャルのネタのタネ【JARUJARUTOWER】,このチャンネルはジャルジャルの公式チャンネルです！ 日々の活動をドンドンUPしていきます！！ ジャルジャルがネタ帳に書き留めたネタになる...,2019-08-08T09:00:02.000Z,669,72,0,2261,217138
140,YewBdWiFAXw,『３分の漫才を１分に縮める奴』ジャルジャルのネタのタネ【JARUJARUTOWER】,このチャンネルはジャルジャルの公式チャンネルです！ 日々の活動をドンドンUPしていきます！！ ジャルジャルがネタ帳に書き留めたネタになる...,2019-08-07T09:00:04.000Z,702,116,0,2880,305810
141,N5kqPXc2l0o,『南っていう奴〜店予約電話〜』ジャルジャルのネタのタネ【JARUJARUTOWER】,このチャンネルはジャルジャルの公式チャンネルです！ 日々の活動をドンドンUPしていきます！！ ジャルジャルがネタ帳に書き留めたネタになる...,2019-08-05T09:00:02.000Z,1155,182,0,9616,579460
142,JxrETwzTuf8,ジャルっと！爆ハリ！#169,このチャンネルはジャルジャルの公式チャンネルです！ 日々の活動をドンドンUPしていきます！！ ジャルジャルがネタ帳に書き留めたネタになる...,2019-08-05T09:00:03.000Z,154,222,0,222,9777
143,J3x02gpZR1s,『デコ狭いのにキレやすい奴』ジャルジャルのネタのタネ【JARUJARUTOWER】,このチャンネルはジャルジャルの公式チャンネルです！ 日々の活動をドンドンUPしていきます！！ ジャルジャルがネタ帳に書き留めたネタになる...,2019-08-04T09:00:04.000Z,518,57,0,1690,119682
144,QFdRDUWvfNQ,『チャラ男番長のネタを見る奴 パート35』ジャルジャルのネタのタネ【JARUJARUTOWER】,このチャンネルはジャルジャルの公式チャンネルです！ 日々の活動をドンドンUPしていきます！！ ジャルジャルがネタ帳に書き留めたネタになる...,2019-08-03T09:00:03.000Z,621,3707,0,591,58664
145,0D2JXaK0qNo,『「あちゃー」って言うてくる奴』ジャルジャルのネタのタネ【JARUJARUTOWER】,このチャンネルはジャルジャルの公式チャンネルです！ 日々の活動をドンドンUPしていきます！！ ジャルジャルがネタ帳に書き留めたネタになる...,2019-08-02T09:00:00.000Z,689,57,0,2594,178147
146,7s3_EEJbAYQ,『なかよしっぱなな奴』ジャルジャルのネタのタネ【JARUJARUTOWER】,このチャンネルはジャルジャルの公式チャンネルです！ 日々の活動をドンドンUPしていきます！！ ジャルジャルがネタ帳に書き留めたネタになる...,2019-08-01T09:00:01.000Z,507,52,0,1471,57481
147,KttXA0pGfQs,『サラ毛ヘルメット坊主の奴』ジャルジャルのネタのタネ【JARUJARUTOWER】,このチャンネルはジャルジャルの公式チャンネルです！ 日々の活動をドンドンUPしていきます！！ ジャルジャルがネタ帳に書き留めたネタになる...,2019-07-31T09:00:03.000Z,519,29,0,1522,82299
148,d_VmUKEOQjE,『南っていう奴〜銀行強盗〜』ジャルジャルのネタのタネ【JARUJARUTOWER】,このチャンネルはジャルジャルの公式チャンネルです！ 日々の活動をドンドンUPしていきます！！ ジャルジャルがネタ帳に書き留めたネタになる...,2019-07-30T09:00:13.000Z,781,45,0,3709,159656
149,C-EvvDnGKgg,ジャルっと！爆ハリ！#168,このチャンネルはジャルジャルの公式チャンネルです！ 日々の活動をドンドンUPしていきます！！ ジャルジャルがネタ帳に書き留めたネタになる...,2019-07-29T09:00:00.000Z,181,22,0,193,10211
150,eRPgIOl6VHI,『ブラジル卓球のカルデラノをしてる奴』ジャルジャルのネタのタネ【JARUJARUTOWER】,このチャンネルはジャルジャルの公式チャンネルです！ 日々の活動をドンドンUPしていきます！！ ジャルジャルがネタ帳に書き留めたネタになる...,2019-07-29T09:00:04.000Z,660,50,0,1565,97300
151,VVna70cuoaM,『１年間けん玉練習するって言って、しなかった奴』ジャルジャルのネタのタネ【JARUJARUTOWER】,このチャンネルはジャルジャルの公式チャンネルです！ 日々の活動をドンドンUPしていきます！！ ジャルジャルがネタ帳に書き留めたネタになる...,2019-07-28T09:00:04.000Z,1038,168,0,5079,472856
152,4SLpK7Phy-c,『無駄にムキムキなった奴』ジャルジャルのネタのタネ【JARUJARUTOWER】,このチャンネルはジャルジャルの公式チャンネルです！ 日々の活動をドンドンUPしていきます！！ ジャルジャルがネタ帳に書き留めたネタになる...,2019-07-26T09:00:00.000Z,580,32,0,2310,119889
153,gvJtxDTnPLQ,『話し合い進まない奴』ジャルジャルのネタのタネ【JARUJARUTOWER】,このチャンネルはジャルジャルの公式チャンネルです！ 日々の活動をドンドンUPしていきます！！ ジャルジャルがネタ帳に書き留めたネタになる...,2019-07-24T09:00:12.000Z,632,49,0,1905,127240
154,K1t2_dCJr48,コメント読む奴〜6月編〜,このチャンネルはジャルジャルの公式チャンネルです！ コメントを読む奴は今後、毎月発表して行きます！ 更新は撮影の関係で固定の曜日ではあ...,2019-07-23T09:00:02.000Z,548,29,0,2077,74057
155,QhtMB3UDmnc,『「つー！」って言う奴』ジャルジャルのネタのタネ【JARUJARUTOWER】,このチャンネルはジャルジャルの公式チャンネルです！ 日々の活動をドンドンUPしていきます！！ ジャルジャルがネタ帳に書き留めたネタになる...,2019-07-23T09:00:02.000Z,706,50,0,2434,163352
156,KJ5M_bvekHU,『わだかまり感じる奴』ジャルジャルのネタのタネ【JARUJARUTOWER】,このチャンネルはジャルジャルの公式チャンネルです！ 日々の活動をドンドンUPしていきます！！ ジャルジャルがネタ帳に書き留めたネタになる...,2019-07-22T09:00:09.000Z,555,51,0,2086,207592
157,hKKn5AHYK4E,ジャルっと！爆ハリ！#167,このチャンネルはジャルジャルの公式チャンネルです！ 日々の活動をドンドンUPしていきます！！ ジャルジャルがネタ帳に書き留めたネタになる...,2019-07-22T09:00:10.000Z,160,21,0,268,15963
158,ViExjY_tWO4,『南っていう奴〜家庭教師〜』ジャルジャルのネタのタネ【JARUJARUTOWER】,このチャンネルはジャルジャルの公式チャンネルです！ 日々の活動をドンドンUPしていきます！！ ジャルジャルがネタ帳に書き留めたネタになる...,2019-07-21T09:00:03.000Z,773,74,0,4844,268110
159,SXMbT-semDI,『会話の間で黙る奴』ジャルジャルのネタのタネ【JARUJARUTOWER】,このチャンネルはジャルジャルの公式チャンネルです！ 日々の活動をドンドンUPしていきます！！ ジャルジャルがネタ帳に書き留めたネタになる...,2019-07-19T09:00:04.000Z,508,47,0,2354,152599
160,k4GyvUH1J5g,『お互いにきしょいと思い合ってる奴』ジャルジャルのネタのタネ【JARUJARUTOWER】,このチャンネルはジャルジャルの公式チャンネルです！ 日々の活動をドンドンUPしていきます！！ ジャルジャルがネタ帳に書き留めたネタになる...,2019-07-18T09:00:07.000Z,2348,404,0,15759,1236083
161,2zvAnCDprZs,『殴られるん下手な奴』ジャルジャルのネタのタネ【JARUJARUTOWER】,このチャンネルはジャルジャルの公式チャンネルです！ 日々の活動をドンドンUPしていきます！！ ジャルジャルがネタ帳に書き留めたネタになる...,2019-07-17T09:00:02.000Z,506,53,0,2919,172072
162,94jmvfkaYQc,『高学歴やけど不採用なる奴』ジャルジャルのネタのタネ【JARUJARUTOWER】,このチャンネルはジャルジャルの公式チャンネルです！ 日々の活動をドンドンUPしていきます！！ ジャルジャルがネタ帳に書き留めたネタになる...,2019-07-15T09:00:04.000Z,976,406,0,6428,861764
163,b59aeI6c8oI,『珍しい名前のせいで不採用なる奴』ジャルジャルのネタのタネ【JARUJARUTOWER】,このチャンネルはジャルジャルの公式チャンネルです！ 日々の活動をドンドンUPしていきます！！ ジャルジャルがネタ帳に書き留めたネタになる...,2019-07-12T09:00:10.000Z,1290,320,0,9044,959413
164,bf_xxwD3pKg,『滑舌良すぎて、話逸れる奴』ジャルジャルのネタのタネ【JARUJARUTOWER】,このチャンネルはジャルジャルの公式チャンネルです！ 日々の活動をドンドンUPしていきます！！ ジャルジャルがネタ帳に書き留めたネタになる...,2019-07-11T09:00:10.000Z,1139,222,0,6404,480573
165,CxIrO3UC0iQ,『壁茶色やから帰る奴』ジャルジャルのネタのタネ【JARUJARUTOWER】,このチャンネルはジャルジャルの公式チャンネルです！ 日々の活動をドンドンUPしていきます！！ ジャルジャルがネタ帳に書き留めたネタになる...,2019-07-09T09:00:00.000Z,396,51,0,2193,148751
166,3scDFfQV0XY,『「個々あっつー」って言う奴』ジャルジャルのネタのタネ【JARUJARUTOWER】,このチャンネルはジャルジャルの公式チャンネルです！ 日々の活動をドンドンUPしていきます！！ ジャルジャルがネタ帳に書き留めたネタになる...,2019-07-07T09:00:02.000Z,684,100,0,3306,171723
167,t1UZ9o-OKzw,『くすぐりたい奴とネタ入りたい奴』ジャルジャルのネタのタネ【JARUJARUTOWER】,このチャンネルはジャルジャルの公式チャンネルです！ 日々の活動をドンドンUPしていきます！！ ジャルジャルがネタ帳に書き留めたネタになる...,2019-06-29T09:00:10.000Z,663,63,0,1979,157872
168,XkzZT62ALkA,『ギャグ魔神に「サブい」って言う奴』ジャルジャルのネタのタネ【JARUJARUTOWER】,このチャンネルはジャルジャルの公式チャンネルです！ 日々の活動をドンドンUPしていきます！！ ジャルジャルがネタ帳に書き留めたネタになる...,2019-06-27T09:00:06.000Z,1102,146,0,4963,353649
169,Q-x7ify6vnI,『結局何も生み出さない奴』ジャルジャルのネタのタネ【JARUJARUTOWER】,このチャンネルはジャルジャルの公式チャンネルです！ 日々の活動をドンドンUPしていきます！！ ジャルジャルがネタ帳に書き留めたネタになる...,2019-06-23T09:00:06.000Z,516,67,0,2210,204031
170,W1xsVMN74R8,『あまりにも感覚違う奴』ジャルジャルのネタのタネ【JARUJARUTOWER】,このチャンネルはジャルジャルの公式チャンネルです！ 日々の活動をドンドンUPしていきます！！ ジャルジャルがネタ帳に書き留めたネタになる...,2019-06-21T09:00:05.000Z,770,101,0,4204,370166
171,o5n24MtNFzo,『正直者やけどヤバい奴』ジャルジャルのネタのタネ【JARUJARUTOWER】,このチャンネルはジャルジャルの公式チャンネルです！ 日々の活動をドンドンUPしていきます！！ ジャルジャルがネタ帳に書き留めたネタになる...,2019-06-20T09:00:06.000Z,614,126,0,4022,430026
172,PIiLsb9a2Ig,『相方を理解できない奴』ジャルジャルのネタのタネ【JARUJARUTOWER】,このチャンネルはジャルジャルの公式チャンネルです！ 日々の活動をドンドンUPしていきます！！ ジャルジャルがネタ帳に書き留めたネタになる...,2019-06-19T09:00:02.000Z,772,145,0,5170,311496
173,Z_V5wzgFbZU,『けん玉成功したら1000万円もらえる奴』ジャルジャルのネタのタネ【JARUJARUTOWER】,このチャンネルはジャルジャルの公式チャンネルです！ 日々の活動をドンドンUPしていきます！！ ジャルジャルがネタ帳に書き留めたネタになる...,2019-06-18T09:00:04.000Z,496,81,0,2465,204831
174,8eWbLeoKIqw,『コメント読む奴〜5月編〜』ジャルジャルのネタのタネ【JARUJARUTOWER】,このチャンネルはジャルジャルの公式チャンネルです！ コメントを読む奴は今後、毎月発表して行きます！ 更新は撮影の関係で固定の曜日ではあ...,2019-06-18T09:00:00.000Z,609,31,0,1969,90218
175,itEIyoheRlg,『南っていう奴〜停電〜』ジャルジャルのネタのタネ【JARUJARUTOWER】,このチャンネルはジャルジャルの公式チャンネルです！ 日々の活動をドンドンUPしていきます！！ ジャルジャルがネタ帳に書き留めたネタになる...,2019-06-17T09:00:08.000Z,610,63,0,7517,351661
176,1o-JzOauoIY,『死にかけている人に気付かない奴』ジャルジャルのネタのタネ【JARUJARUTOWER】,このチャンネルはジャルジャルの公式チャンネルです！ 日々の活動をドンドンUPしていきます！！ ジャルジャルがネタ帳に書き留めたネタになる...,2019-06-14T09:00:00.000Z,545,93,0,3218,269774
177,CNv0Eoqb0k0,『隣人うるさい奴』ジャルジャルのネタのタネ【JARUJARUTOWER】,このチャンネルはジャルジャルの公式チャンネルです！ 日々の活動をドンドンUPしていきます！！ ジャルジャルがネタ帳に書き留めたネタになる...,2019-06-09T09:00:00.000Z,682,135,0,4642,326888
178,nV70oUVJE5Q,『高卒と中卒の奴』ジャルジャルのネタのタネ【JARUJARUTOWER】,このチャンネルはジャルジャルの公式チャンネルです！ 日々の活動をドンドンUPしていきます！！ ジャルジャルがネタ帳に書き留めたネタになる...,2019-06-08T09:00:06.000Z,1247,372,0,7444,704164
179,-_c0BzA1EJ8,『南っていう奴〜サングラス〜』ジャルジャルのネタのタネ【JARUJARUTOWER】,このチャンネルはジャルジャルの公式チャンネルです！ 日々の活動をドンドンUPしていきます！！ ジャルジャルがネタ帳に書き留めたネタになる...,2019-06-06T09:00:00.000Z,596,59,0,3925,245485
180,qQHWmF9cSSQ,『変な奴になってもた奴』ジャルジャルのネタのタネ【JARUJARUTOWER】,このチャンネルはジャルジャルの公式チャンネルです！ 日々の活動をドンドンUPしていきます！！ ジャルジャルがネタ帳に書き留めたネタになる...,2019-06-05T09:00:07.000Z,439,59,0,2994,211803
181,EM2bJxrm7oE,『イメージで名前つける奴』ジャルジャルのネタのタネ【JARUJARUTOWER】,このチャンネルはジャルジャルの公式チャンネルです！ 日々の活動をドンドンUPしていきます！！ ジャルジャルがネタ帳に書き留めたネタになる...,2019-06-03T09:00:00.000Z,486,97,0,2846,256471
182,f9l9RWlHeTg,『待てない空気作る奴』ジャルジャルのネタのタネ【JARUJARUTOWER】,このチャンネルはジャルジャルの公式チャンネルです！ 日々の活動をドンドンUPしていきます！！ ジャルジャルがネタ帳に書き留めたネタになる...,2019-06-01T09:00:04.000Z,393,63,0,2226,207699
183,pMoK6kUUDiU,『飯食うてる奴』ジャルジャルのネタのタネ【JARUJARUTOWER】,このチャンネルはジャルジャルの公式チャンネルです！ 日々の活動をドンドンUPしていきます！！ ジャルジャルがネタ帳に書き留めたネタになる...,2019-05-30T09:00:07.000Z,358,67,0,2035,199880
184,WUI3u9Q6abI,『コントと現実の違い見せる奴』ジャルジャルのネタのタネ【JARUJARUTOWER】,このチャンネルはジャルジャルの公式チャンネルです！ 日々の活動をドンドンUPしていきます！！ ジャルジャルがネタ帳に書き留めたネタになる...,2019-05-26T09:00:06.000Z,590,95,0,3754,262784
185,PuEwhbEvydY,『必死にネタを思い出す奴』ジャルジャルのネタのタネ【JARUJARUTOWER】,このチャンネルはジャルジャルの公式チャンネルです！ 日々の活動をドンドンUPしていきます！！ ジャルジャルがネタ帳に書き留めたネタになる...,2019-05-18T09:00:03.000Z,910,174,0,3556,461586
186,yn0kScjpM5M,『漫才中、横柄な奴』ジャルジャルのネタのタネ【JARUJARUTOWER】,このチャンネルはジャルジャルの公式チャンネルです！ 日々の活動をドンドンUPしていきます！！ ジャルジャルがネタ帳に書き留めたネタになる...,2019-05-16T09:00:08.000Z,488,133,0,3479,405695
187,pjJNQ1tvYLw,『南っていう奴〜しりとり〜』ジャルジャルのネタのタネ【JARUJARUTOWER】,このチャンネルはジャルジャルの公式チャンネルです！ 日々の活動をドンドンUPしていきます！！ ジャルジャルがネタ帳に書き留めたネタになる...,2019-05-14T09:00:06.000Z,583,164,0,6952,512566
188,yEaigqvyzqA,『祭りしか言わん奴』ジャルジャルのネタのタネ【JARUJARUTOWER】,このチャンネルはジャルジャルの公式チャンネルです！ 日々の活動をドンドンUPしていきます！！ ジャルジャルがネタ帳に書き留めたネタになる...,2019-05-13T09:00:14.000Z,684,217,0,4796,388750
189,r2AS6A6uqG0,『ボスとジョボっていう奴』ジャルジャルのネタのタネ【JARUJARUTOWER】,このチャンネルはジャルジャルの公式チャンネルです！ 日々の活動をドンドンUPしていきます！！ ジャルジャルがネタ帳に書き留めたネタになる...,2019-05-12T09:00:07.000Z,432,113,0,3326,235148
190,mlMElwFGx4c,１億回記念！本気ネタ！『南っていう奴②』【JARUJARUTOWER】,ジャルジャルが毎日１本ネタを無料配信するYoutube公式チャンネル「JARU JARU TOWER」で配信している動画の合計再生回数が1億回を突破しました。...,2019-05-12T03:00:03.000Z,340,84,0,7738,565667
191,0njbpGVrfTo,１億回記念！本気ネタ！『演歌でオーディション受ける奴』【JARUJARUTOWER】,ジャルジャルが毎日１本ネタを無料配信するYoutube公式チャンネル「JARU JARU TOWER」で配信している動画の合計再生回数が1億回を突破しました。...,2019-05-12T03:00:00.000Z,176,66,0,2039,252850
192,s0X3-Hv5GBk,１億回記念！本気ネタ！『服小さい奴』【JARUJARUTOWER】,ジャルジャルが毎日１本ネタを無料配信するYoutube公式チャンネル「JARU JARU TOWER」で配信している動画の合計再生回数が1億回を突破しました。...,2019-05-12T03:00:05.000Z,182,37,0,3744,298619
193,XC40Vw4quJw,１億回記念！本気ネタ！『フィリピン語で数学数える奴』【JARUJARUTOWER】,ジャルジャルが毎日１本ネタを無料配信するYoutube公式チャンネル「JARU JARU TOWER」で配信している動画の合計再生回数が1億回を突破しました。...,2019-05-12T03:00:02.000Z,1478,381,0,20027,1265931
194,Dyhe_loo6xc,１億回記念！本気ネタ！『手品成功してガッツポーズしまくる奴』【JARUJARUTOWER】,ジャルジャルが毎日１本ネタを無料配信するYoutube公式チャンネル「JARU JARU TOWER」で配信している動画の合計再生回数が1億回を突破しました。...,2019-05-12T03:00:02.000Z,412,174,0,7514,768997
195,V_b9xpHkAQs,１億回記念！本気ネタ！『歌うんハズい奴』【JARUJARUTOWER】,ジャルジャルが毎日１本ネタを無料配信するYoutube公式チャンネル「JARU JARU TOWER」で配信している動画の合計再生回数が1億回を突破しました。...,2019-05-12T03:00:03.000Z,799,411,0,10496,1305724
196,AOtvUnalVYc,１億回記念！本気ネタ！『ハズレの先生が担任になった奴』【JARUJARUTOWER】,ジャルジャルが毎日１本ネタを無料配信するYoutube公式チャンネル「JARU JARU TOWER」で配信している動画の合計再生回数が1億回を突破しました。...,2019-05-12T03:00:00.000Z,5294,2293,0,72676,6165125
197,8FMnBXyks-I,１億回記念！本気ネタ！『大尻•凡尻歌う奴』【JARUJARUTOWER】,ジャルジャルが毎日１本ネタを無料配信するYoutube公式チャンネル「JARU JARU TOWER」で配信している動画の合計再生回数が1億回を突破しました。...,2019-05-12T03:00:02.000Z,343,71,0,4446,346631
198,sue20eNdbvI,１億回記念！本気ネタ！『男子高校生のくせにアイドル目線な歌を作る奴』【JARUJARUTOWER】,ジャルジャルが毎日１本ネタを無料配信するYoutube公式チャンネル「JARU JARU TOWER」で配信している動画の合計再生回数が1億回を突破しました！...,2019-05-12T03:00:02.000Z,501,146,0,8074,762977
199,3PSPuIO2Yno,１億回記念！本気ネタ！『男なのに女子バレー部の試合呼ばれた奴』【JARUJARUTOWER】,ジャルジャルが毎日１本ネタを無料配信するYoutube公式チャンネル「JARU JARU TOWER」で配信している動画の合計再生回数が1億回を突破しました。...,2019-05-12T03:00:01.000Z,1663,1566,0,14420,1617768
200,h-6GSPQdnI4,１億回記念！本気ネタ！『江戸っ子探偵練習させられる奴』【JARUJARUTOWER】,ジャルジャルが毎日１本ネタを無料配信するYoutube公式チャンネル「JARU JARU TOWER」で配信している動画の合計再生回数が1億回を突破しました。...,2019-05-12T03:00:04.000Z,316,80,0,4682,407016
201,C-pWFg-xkgM,１億回記念！本気ネタ！『めっちゃ練習する奴』【JARUJARUTOWER】,ジャルジャルが毎日１本ネタを無料配信するYoutube公式チャンネル「JARU JARU TOWER」で配信している動画の合計再生回数が1億回を突破しました。...,2019-05-12T03:00:02.000Z,2129,668,0,27691,1990006
202,r1wUKfGtRxU,１億回記念！本気ネタ！『ハゲてもうてる奴』【JARUJARUTOWER】,ジャルジャルが毎日１本ネタを無料配信するYoutube公式チャンネル「JARU JARU TOWER」で配信している動画の合計再生回数が1億回を突破しました。...,2019-05-12T03:00:03.000Z,586,268,0,9052,1200941
203,yp9wu86XorI,１億回記念！本気ネタ！『何回も部屋入ってくる奴』【JARUJARUTOWER】,ジャルジャルが毎日１本ネタを無料配信するYoutube公式チャンネル「JARU JARU TOWER」で配信している動画の合計再生回数が1億回を突破しました。...,2019-05-12T03:00:04.000Z,1345,601,0,18602,1600974
204,XqIHqB1ywtY,１億回記念！本気ネタ！『くしゃみとゲップとあくび変な奴』【JARUJARUTOWER】,ジャルジャルが毎日１本ネタを無料配信するYoutube公式チャンネル「JARU JARU TOWER」で配信している動画の合計再生回数が1億回を突破しました。...,2019-05-12T03:00:00.000Z,1804,451,0,44772,2029271
205,Da5oLapquOI,１億回記念！本気ネタ！『「違いますよ」って言う奴』【JARUJARUTOWER】,ジャルジャルが毎日１本ネタを無料配信するYoutube公式チャンネル「JARU JARU TOWER」で配信している動画の合計再生回数が1億回を突破しました。...,2019-05-12T03:00:01.000Z,640,449,0,13204,1755211
206,Wp_TIpFbq6M,１億回記念！本気ネタ！『声細い奴と声太い奴』【JARUJARUTOWER】,ジャルジャルが毎日１本ネタを無料配信するYoutube公式チャンネル「JARU JARU TOWER」で配信している動画の合計再生回数が1億回を突破しました。...,2019-05-12T03:00:02.000Z,610,253,0,20773,1273769
207,cJnWv-i0Gyo,１億回記念！本気ネタ！『落語家か演歌歌手かわからん奴』【JARUJARUTOWER】,ジャルジャルが毎日１本ネタを無料配信するYoutube公式チャンネル「JARU JARU TOWER」で配信している動画の合計再生回数が1億回を突破しました。...,2019-05-12T03:00:02.000Z,178,36,0,1545,126097
208,n5462bVTJY8,１億回記念！本気ネタ！『怒鳴り返されたん気付かん奴』【JARUJARUTOWER】,ジャルジャルが毎日１本ネタを無料配信するYoutube公式チャンネル「JARU JARU TOWER」で配信している動画の合計再生回数が1億回を突破しました。...,2019-05-12T03:00:07.000Z,1550,769,0,30793,3016984
209,bOfKhCUXfhE,１億回記念！本気ネタ！『凄いショーする奴』【JARUJARUTOWER】,ジャルジャルが毎日１本ネタを無料配信するYoutube公式チャンネル「JARU JARU TOWER」で配信している動画の合計再生回数が1億回を突破しました。...,2019-05-12T03:00:00.000Z,753,114,0,3848,282324
210,_DbW7lxGdIs,１億回記念！本気ネタ！『本番だけ滑舌悪い奴』【JARUJARUTOWER】,ジャルジャルが毎日１本ネタを無料配信するYoutube公式チャンネル「JARU JARU TOWER」で配信している動画の合計再生回数が1億回を突破しました。...,2019-05-12T03:00:03.000Z,925,361,0,17375,1701209
211,NE7uHTxUJgM,１億回記念！本気ネタ！『チャラ男番長っていう奴』【JARUJARUTOWER】,ジャルジャルが毎日１本ネタを無料配信するYoutube公式チャンネル「JARU JARU TOWER」で配信している動画の合計再生回数が1億回を突破しました。...,2019-05-12T03:00:00.000Z,721,12277,0,3724,381588
212,9Fj1hcUf8gE,１億回記念！本気ネタ！『どんどん案、出す奴』【JARUJARUTOWER】,ジャルジャルが毎日１本ネタを無料配信するYoutube公式チャンネル「JARU JARU TOWER」で配信している動画の合計再生回数が1億回を突破しました。...,2019-05-12T03:00:02.000Z,1176,446,0,16270,1871097
213,Xrilg7Rs_3M,１億回記念！本気ネタ！『ちゃう奴呼んでもた奴』【JARUJARUTOWER】,ジャルジャルが毎日１本ネタを無料配信するYoutube公式チャンネル「JARU JARU TOWER」で配信している動画の合計再生回数が1億回を突破しました。...,2019-05-12T03:00:06.000Z,324,208,0,6371,833065
214,lXOeDJR5LJc,１億回記念！本気ネタ！『南っていう奴』【JARUJARUTOWER】,ジャルジャルが毎日１本ネタを無料配信するYoutube公式チャンネル「JARU JARU TOWER」で配信している動画の合計再生回数が1億回を突破しました。...,2019-05-12T03:00:03.000Z,1245,353,0,28677,1759972
215,5GCQ1gDU8zk,１億回記念！本気ネタ！『若ハゲサンキューっていう芸名の奴』【JARUJARUTOWER】,ジャルジャルが毎日１本ネタを無料配信するYoutube公式チャンネル「JARU JARU TOWER」で配信している動画の合計再生回数が1億回を突破しました。...,2019-05-12T03:00:00.000Z,644,205,0,6342,952085
216,19KGYFH1hRo,１億回記念！本気ネタ！『知らん奴に声かけられた奴』【JARUJARUTOWER】,ジャルジャルが毎日１本ネタを無料配信するYoutube公式チャンネル「JARU JARU TOWER」で配信している動画の合計再生回数が1億回を突破しました。...,2019-05-12T03:00:02.000Z,576,386,0,11796,1755594
217,DaCmjtB-5To,１億回記念！本気ネタ！『押しドア、引きドア、間違える奴』【JARUJARUTOWER】,ジャルジャルが毎日１本ネタを無料配信するYoutube公式チャンネル「JARU JARU TOWER」で配信している動画の合計再生回数が1億回を突破しました。...,2019-05-12T03:00:01.000Z,1915,2115,0,50390,5364633
218,RS7XxJSsKkc,１億回記念！本気ネタ！『暇すぎて、面白いゲームする奴』【JARUJARUTOWER】,ジャルジャルが毎日１本ネタを無料配信するYoutube公式チャンネル「JARU JARU TOWER」で配信している動画の合計再生回数が1億回を突破しました。...,2019-05-12T03:00:03.000Z,1050,281,0,14049,1187611
219,qEfcEohzYrU,１億回記念！本気ネタ！『落語長すぎる奴』【JARUJARUTOWER】,ジャルジャルが毎日１本ネタを無料配信するYoutube公式チャンネル「JARU JARU TOWER」で配信している動画の合計再生回数が1億回を突破しました。...,2019-05-12T03:00:07.000Z,603,241,0,7094,970445
220,WDDPudbjlOE,１億回記念！本気ネタ！『ウルフルズに影響されている奴』【JARUJARUTOWER】,ジャルジャルが毎日１本ネタを無料配信するYoutube公式チャンネル「JARU JARU TOWER」で配信している動画の合計再生回数が1億回を突破しました。...,2019-05-12T03:00:02.000Z,794,460,0,9200,1600555
221,bvFb1Wn9c8M,１億回記念！本気ネタ！『うろ覚えで路上ライブする奴』【JARUJARUTOWER】,ジャルジャルが毎日１本ネタを無料配信するYoutube公式チャンネル「JARU JARU TOWER」で配信している動画の合計再生回数が1億回を突破しました。...,2019-05-12T03:00:04.000Z,1602,419,0,23664,1575310
222,wF8ym8u5Cx8,『父の日のプレゼント受け取ってもらえへん奴』ジャルジャルのネタのタネ【JARUJARUTOWER】,このチャンネルはジャルジャルの公式チャンネルです！ 日々の活動をドンドンUPしていきます！！ ジャルジャルがネタ帳に書き留めたネタになる...,2019-05-11T09:00:15.000Z,601,90,0,3045,233915
223,rQRLQVlL2LE,『無頓着な奴』ジャルジャルのネタのタネ【JARUJARUTOWER】,このチャンネルはジャルジャルの公式チャンネルです！ 日々の活動をドンドンUPしていきます！！ ジャルジャルがネタ帳に書き留めたネタになる...,2019-05-10T09:00:09.000Z,482,58,0,3483,229092
224,gprkB0q9DXk,『「えっ！」は当てるけど、「はっ！」は外す奴』ジャルジャルのネタのタネ【JARUJARUTOWER】,このチャンネルはジャルジャルの公式チャンネルです！ 日々の活動をドンドンUPしていきます！！ ジャルジャルがネタ帳に書き留めたネタになる...,2019-05-09T09:00:05.000Z,709,306,0,6202,657875
225,CQj_cKunjpc,『活きのいい若者探してる奴』ジャルジャルのネタのタネ【JARUJARUTOWER】,このチャンネルはジャルジャルの公式チャンネルです！ 日々の活動をドンドンUPしていきます！！ ジャルジャルがネタ帳に書き留めたネタになる...,2019-05-08T09:00:00.000Z,388,52,0,2649,209504
226,FwKhZAYH_oE,コメント読む奴〜3月編〜,このチャンネルはジャルジャルの公式チャンネルです！ コメントを読む奴は今後、毎月発表して行きます！ 更新は撮影の関係で固定の曜日ではあ...,2019-05-07T13:33:14.000Z,528,25,0,2043,61587
227,mWKD32W7-wI,『南っていう奴〜あっちむいてほい〜』ジャルジャルのネタのタネ【JARUJARUTOWER】,このチャンネルはジャルジャルの公式チャンネルです！ 日々の活動をドンドンUPしていきます！！ ジャルジャルがネタ帳に書き留めたネタになる...,2019-05-07T09:00:07.000Z,405,45,0,3629,195239
228,1FEwD9s7RSo,『半歩だけボケてる奴とツッコミたい奴』ジャルジャルのネタのタネ【JARUJARUTOWER】,このチャンネルはジャルジャルの公式チャンネルです！ 日々の活動をドンドンUPしていきます！！ ジャルジャルがネタ帳に書き留めたネタになる...,2019-05-06T09:00:00.000Z,417,87,0,3720,274350
229,adGDCLZLWfA,ジャルっと！爆ハリ！＃156,このチャンネルはジャルジャルの公式チャンネルです！ 日々の活動をドンドンUPしていきます！！ ジャルジャルがネタ帳に書き留めたネタになる...,2019-05-06T09:00:00.000Z,119,18,0,189,10336
230,YdpNUJ8onPc,『嫌なこと指摘される奴』ジャルジャルのネタのタネ【JARUJARUTOWER】,このチャンネルはジャルジャルの公式チャンネルです！ 日々の活動をドンドンUPしていきます！！ ジャルジャルがネタ帳に書き留めたネタになる...,2019-05-05T09:00:04.000Z,576,193,0,4467,466851
231,18pmIsEZmFU,『また、女が苦手な奴』ジャルジャルのネタのタネ【JARUJARUTOWER】,このチャンネルはジャルジャルの公式チャンネルです！ 日々の活動をドンドンUPしていきます！！ ジャルジャルがネタ帳に書き留めたネタになる...,2019-05-04T09:00:01.000Z,401,41,0,2543,206150
232,7bqa6n4GHPA,『女が苦手な奴』ジャルジャルのネタのタネ【JARUJARUTOWER】,このチャンネルはジャルジャルの公式チャンネルです！ 日々の活動をドンドンUPしていきます！！ ジャルジャルがネタ帳に書き留めたネタになる...,2019-05-03T09:00:00.000Z,390,79,0,3853,288255
233,a4FPiQzuKsk,『チャラ男番長のネタを見る南っていう奴』ジャルジャルのネタのタネ【JARUJARUTOWER】,このチャンネルはジャルジャルの公式チャンネルです！ 日々の活動をドンドンUPしていきます！！ ジャルジャルがネタ帳に書き留めたネタになる...,2019-05-02T09:00:02.000Z,1318,7519,0,7519,217205
234,lnwF-SEHk-M,『つっこむとき声変わる奴』ジャルジャルのネタのタネ【JARUJARUTOWER】,このチャンネルはジャルジャルの公式チャンネルです！ 日々の活動をドンドンUPしていきます！！ ジャルジャルがネタ帳に書き留めたネタになる...,2019-04-29T09:00:06.000Z,535,94,0,3844,313311
235,wNmh_JSsTCw,『センス悪いプレゼントもらって泣く奴』ジャルジャルのネタのタネ【JARUJARUTOWER】,このチャンネルはジャルジャルの公式チャンネルです！ 日々の活動をドンドンUPしていきます！！ ジャルジャルがネタ帳に書き留めたネタになる...,2019-04-26T09:00:09.000Z,415,48,0,2490,234741
236,Z6r4xb4YnHQ,『裏がない、いい人過ぎる奴』ジャルジャルのネタのタネ【JARUJARUTOWER】,このチャンネルはジャルジャルの公式チャンネルです！ 日々の活動をドンドンUPしていきます！！ ジャルジャルがネタ帳に書き留めたネタになる...,2019-04-25T09:00:10.000Z,405,128,0,4995,463633
237,zsfyd8kiKPY,『ツッコミ重い奴』ジャルジャルのネタのタネ【JARUJARUTOWER】,このチャンネルはジャルジャルの公式チャンネルです！ 日々の活動をドンドンUPしていきます！！ ジャルジャルがネタ帳に書き留めたネタになる...,2019-04-24T09:00:17.000Z,665,165,0,5600,511828
238,fLuExVAprtM,『「定期的？」って言う奴と関東出身のツッコミ下手な奴』ジャルジャルのネタのタネ【JARUJARUTOWER】,このチャンネルはジャルジャルの公式チャンネルです！ 日々の活動をドンドンUPしていきます！！ ジャルジャルがネタ帳に書き留めたネタになる...,2019-04-22T09:00:07.000Z,1983,183,0,11067,543907
239,e8KtbxUz5PM,『数字が苦手な奴』ジャルジャルのネタのタネ【JARUJARUTOWER】,このチャンネルはジャルジャルの公式チャンネルです！ 日々の活動をドンドンUPしていきます！！ ジャルジャルがネタ帳に書き留めたネタになる...,2019-04-21T09:00:03.000Z,860,312,0,6998,859829
240,2y2j9Ayz8tA,『ぞろぞろ来る奴』ジャルジャルのネタのタネ【JARUJARUTOWER】,このチャンネルはジャルジャルの公式チャンネルです！ 日々の活動をドンドンUPしていきます！！ ジャルジャルがネタ帳に書き留めたネタになる...,2019-04-20T09:00:00.000Z,346,32,0,2029,157342
241,53XVD9hF7Ds,『そりゃモノマネされる奴』ジャルジャルのネタのタネ【JARUJARUTOWER】,このチャンネルはジャルジャルの公式チャンネルです！ 日々の活動をドンドンUPしていきます！！ ジャルジャルがネタ帳に書き留めたネタになる...,2019-04-19T09:00:03.000Z,1109,165,0,7452,475671
242,o976hXfUAFs,『５８歳と２９歳の奴』ジャルジャルのネタのタネ【JARUJARUTOWER】,このチャンネルはジャルジャルの公式チャンネルです！ 日々の活動をドンドンUPしていきます！！ ジャルジャルがネタ帳に書き留めたネタになる...,2019-04-17T09:00:05.000Z,576,216,0,3726,369320
243,4fpTk5DKBKY,『腹ぺったんこの奴』ジャルジャルのネタのタネ【JARUJARUTOWER】,このチャンネルはジャルジャルの公式チャンネルです！ 日々の活動をドンドンUPしていきます！！ ジャルジャルがネタ帳に書き留めたネタになる...,2019-04-16T09:00:01.000Z,169,25,0,1814,146733
244,NebgxxUohQY,『無意味な質問、無視される奴』ジャルジャルのネタのタネ【JARUJARUTOWER】,このチャンネルはジャルジャルの公式チャンネルです！ 日々の活動をドンドンUPしていきます！！ ジャルジャルがネタ帳に書き留めたネタになる...,2019-04-14T09:00:06.000Z,396,152,0,3275,320473
245,BXk0tkuOTpQ,『南くんと漫才する奴～変な校内放送ゲーム～』ジャルジャルのネタのタネ【JARUJARUTOWER】,このチャンネルはジャルジャルの公式チャンネルです！ 日々の活動をドンドンUPしていきます！！ ジャルジャルがネタ帳に書き留めたネタになる...,2019-04-12T09:00:01.000Z,686,81,0,7260,279993
246,k3HZNj0jEKE,『学校来てない子に盆栽を見せる奴』ジャルジャルのネタのタネ【JARUJARUTOWER】,このチャンネルはジャルジャルの公式チャンネルです！ 日々の活動をドンドンUPしていきます！！ ジャルジャルがネタ帳に書き留めたネタになる...,2019-04-10T09:00:05.000Z,541,81,0,3203,220643
247,tDTM3rFXTEo,『説教中に屁こいて黙る奴』ジャルジャルのネタのタネ【JARUJARUTOWER】,このチャンネルはジャルジャルの公式チャンネルです！ 日々の活動をドンドンUPしていきます！！ ジャルジャルがネタ帳に書き留めたネタになる...,2019-04-09T09:00:07.000Z,589,145,0,5454,440124
248,xX_eXXWHVDk,『変態を追い出す奴』ジャルジャルのネタのタネ【JARUJARUTOWER】,このチャンネルはジャルジャルの公式チャンネルです！ 日々の活動をドンドンUPしていきます！！ ジャルジャルがネタ帳に書き留めたネタになる...,2019-04-03T09:00:06.000Z,702,148,0,6341,461316
249,Kz0i2-lxsaU,『裏方をゴミ扱いする奴』ジャルジャルのネタのタネ【JARUJARUTOWER】,このチャンネルはジャルジャルの公式チャンネルです！ 日々の活動をドンドンUPしていきます！！ ジャルジャルがネタ帳に書き留めたネタになる...,2019-04-02T09:00:02.000Z,1151,465,0,7272,731102
250,PREPzKlCrkc,『南くん聞き取れる奴 パート3』ジャルジャルのネタのタネ【JARUJARUTOWER】,このチャンネルはジャルジャルの公式チャンネルです！ 日々の活動をドンドンUPしていきます！！ ジャルジャルがネタ帳に書き留めたネタになる...,2019-03-31T09:00:03.000Z,496,39,0,3865,151925
251,LXCJELI3LQM,『５分後がうまい奴』ジャルジャルのネタのタネ【JARUJARUTOWER】,このチャンネルはジャルジャルの公式チャンネルです！ 日々の活動をドンドンUPしていきます！！ ジャルジャルがネタ帳に書き留めたネタになる...,2019-03-29T09:00:03.000Z,514,90,0,2295,226672
252,jyZjKWLQoqo,『自分でボケて自分でつっこむ奴』ジャルジャルのネタのタネ【JARUJARUTOWER】,このチャンネルはジャルジャルの公式チャンネルです！ 日々の活動をドンドンUPしていきます！！ ジャルジャルがネタ帳に書き留めたネタになる...,2019-03-27T09:00:07.000Z,436,62,0,2808,174173
253,hGU86BnwVbE,『街頭インタビューされる関東出身のツッコミ下手な奴』ジャルジャルのネタのタネ【JARUJARUTOWER】,このチャンネルはジャルジャルの公式チャンネルです！ 日々の活動をドンドンUPしていきます！！ ジャルジャルがネタ帳に書き留めたネタになる...,2019-03-25T09:00:07.000Z,873,79,0,4712,332473
254,qiEVGdQJJKo,『バイト先でも関東出身のツッコミ下手な奴』ジャルジャルのネタのタネ【JARUJARUTOWER】,このチャンネルはジャルジャルの公式チャンネルです！ 日々の活動をドンドンUPしていきます！！ ジャルジャルがネタ帳に書き留めたネタになる...,2019-03-24T09:00:08.000Z,1282,332,0,8849,747601
255,o7SYppWLV1k,『ノックを分かっていない奴』ジャルジャルのネタのタネ【JARUJARUTOWER】,このチャンネルはジャルジャルの公式チャンネルです！ 日々の活動をドンドンUPしていきます！！ ジャルジャルがネタ帳に書き留めたネタになる...,2019-03-23T09:00:07.000Z,353,46,0,2710,216081
256,aHp75GFSEgY,『ツッコミできる奴を理解できへん奴』ジャルジャルのネタのタネ【JARUJARUTOWER】,このチャンネルはジャルジャルの公式チャンネルです！ 日々の活動をドンドンUPしていきます！！ ジャルジャルがネタ帳に書き留めたネタになる...,2019-03-21T09:00:00.000Z,353,52,0,2514,208463
257,pKgsNk7oTKc,『才能枯れた奴』ジャルジャルのネタのタネ【JARUJARUTOWER】,このチャンネルはジャルジャルの公式チャンネルです！ 日々の活動をドンドンUPしていきます！！ ジャルジャルがネタ帳に書き留めたネタになる...,2019-03-20T09:00:07.000Z,330,58,0,2261,200319
258,Fqfr9p188rE,『社長みたいな奴』ジャルジャルのネタのタネ【JARUJARUTOWER】,このチャンネルはジャルジャルの公式チャンネルです！ 日々の活動をドンドンUPしていきます！！ ジャルジャルがネタ帳に書き留めたネタになる...,2019-03-18T09:00:02.000Z,213,25,0,1611,139972
259,KA-5pvIw8D0,『謎のミュージシャンと待ち合わせする奴』ジャルジャルのネタのタネ【JARUJARUTOWER】,このチャンネルはジャルジャルの公式チャンネルです！ 日々の活動をドンドンUPしていきます！！ ジャルジャルがネタ帳に書き留めたネタになる...,2019-03-17T09:00:04.000Z,251,32,0,1400,158404
260,qyuxXPXKWrY,『「スキンナー」って言う奴』ジャルジャルのネタのタネ【JARUJARUTOWER】,このチャンネルはジャルジャルの公式チャンネルです！ 日々の活動をドンドンUPしていきます！！ ジャルジャルがネタ帳に書き留めたネタになる...,2019-03-16T09:00:06.000Z,243,37,0,1656,153114
261,NieLdFJ4PzU,『自分に敬語使う奴』ジャルジャルのネタのタネ【JARUJARUTOWER】,このチャンネルはジャルジャルの公式チャンネルです！ 日々の活動をドンドンUPしていきます！！ ジャルジャルがネタ帳に書き留めたネタになる...,2019-03-15T09:00:03.000Z,687,81,0,4590,264775
262,xX7H7TqqdnA,『師匠にジェネレーションギャップ感じる奴』ジャルジャルのネタのタネ【JARUJARUTOWER】,このチャンネルはジャルジャルの公式チャンネルです！ 日々の活動をドンドンUPしていきます！！ ジャルジャルがネタ帳に書き留めたネタになる...,2019-03-12T09:00:12.000Z,262,24,0,1640,102037
263,end3JtaulO4,『全ムチな奴』ジャルジャルのネタのタネ【JARUJARUTOWER】,このチャンネルはジャルジャルの公式チャンネルです！ 日々の活動をドンドンUPしていきます！！ ジャルジャルがネタ帳に書き留めたネタになる...,2019-03-09T09:00:05.000Z,426,31,0,2367,115927
264,WbfT2cTGTSQ,『大便の記憶だけなくなった奴』ジャルジャルのネタのタネ【JARUJARUTOWER】,このチャンネルはジャルジャルの公式チャンネルです！ 日々の活動をドンドンUPしていきます！！ ジャルジャルがネタ帳に書き留めたネタになる...,2019-03-08T09:00:03.000Z,390,38,0,2744,161221
265,uAna9Bwtvmw,『「ボツボツ行くわ」って言う奴』ジャルジャルのネタのタネ【JARUJARUTOWER】,このチャンネルはジャルジャルの公式チャンネルです！ 日々の活動をドンドンUPしていきます！！ ジャルジャルがネタ帳に書き留めたネタになる...,2019-03-06T09:00:13.000Z,401,40,0,2678,191159
266,rZYo5POj-0o,『息子の万引き疑う奴』ジャルジャルのネタのタネ【JARUJARUTOWER】,このチャンネルはジャルジャルの公式チャンネルです！ 日々の活動をドンドンUPしていきます！！ ジャルジャルがネタ帳に書き留めたネタになる...,2019-03-05T09:00:06.000Z,671,86,0,3607,272645
267,177FXQcytCo,『万引きの注意、スタンガンな奴』ジャルジャルのネタのタネ【JARUJARUTOWER】,このチャンネルはジャルジャルの公式チャンネルです！ 日々の活動をドンドンUPしていきます！！ ジャルジャルがネタ帳に書き留めたネタになる...,2019-03-04T09:00:00.000Z,399,56,0,3557,280765
268,etPp5CL2JBw,『ゴリラ走りな奴』ジャルジャルのネタのタネ【JARUJARUTOWER】,このチャンネルはジャルジャルの公式チャンネルです！ 日々の活動をドンドンUPしていきます！！ ジャルジャルがネタ帳に書き留めたネタになる...,2019-03-03T09:00:04.000Z,295,21,0,1489,71907
269,b2e0jKyWwMg,『街中でも腰引けてる奴』ジャルジャルのネタのタネ【JARUJARUTOWER】,このチャンネルはジャルジャルの公式チャンネルです！ 日々の活動をドンドンUPしていきます！！ ジャルジャルがネタ帳に書き留めたネタになる...,2019-03-01T09:00:05.000Z,263,22,0,1764,112225
270,82leJ8ZOCjk,【ジャルジャル コント対決】ROUND9「サポーター対決」 朝摘みオレンジVSヨーグリーナ  朝飲むならどっち？おいしさ対決,ジャルジャル の対決コント動画（全10本）、続々公開中！ あなたはどっち派？ 朝摘みオレンジ派 VS ヨーグリーナ派 #ジャルジャル の 譲れない...,2019-03-01T02:00:45.000Z,238,60,0,2261,34110
271,xTnPg4nUYN0,『ナンデレスリングブニブンカケイノヤツガアツマルカケンキュウブに入部する奴』ジャルジャルのネタのタネ【JARUJARUTOWER】,このチャンネルはジャルジャルの公式チャンネルです！ 日々の活動をドンドンUPしていきます！！ ジャルジャルがネタ帳に書き留めたネタになる...,2019-02-27T09:00:10.000Z,367,28,0,1498,112102
272,HbEMfVnqaWE,ジャルジャルの笑いのツボ屋#01【大阪チャンネル】,人は誰しも“ツボに入って死ぬほど笑う”経験をしたことがあるはず。その瞬間はすべてを忘れられる人生最高の瞬間。そんな“奇跡の笑い”を...,2019-02-24T12:41:11.000Z,167,12,0,347,27306
273,mXNViISBxvM,ジャルジャルの笑いのツボ屋#03【大阪チャンネル】,人は誰しも“ツボに入って死ぬほど笑う”経験をしたことがあるはず。その瞬間はすべてを忘れられる人生最高の瞬間。そんな“奇跡の笑い”を...,2019-02-24T12:34:01.000Z,110,4,0,214,19275
274,O3hYrjEfSLg,ジャルジャルの笑いのツボ屋#05【大阪チャンネル】,人は誰しも“ツボに入って死ぬほど笑う”経験をしたことがあるはず。その瞬間はすべてを忘れられる人生最高の瞬間。そんな“奇跡の笑い”を...,2019-02-24T12:32:18.000Z,67,9,0,145,10475
275,RdR0V0QELng,『電車でもええ顔してる奴』ジャルジャルのネタのタネ【JARUJARUTOWER】,このチャンネルはジャルジャルの公式チャンネルです！ 日々の活動をドンドンUPしていきます！！ ジャルジャルがネタ帳に書き留めたネタになる...,2019-02-24T09:00:03.000Z,387,36,0,2293,155341
276,cHeKijaoMI0,『ええ顔してる奴』ジャルジャルのネタのタネ【JARUJARUTOWER】,このチャンネルはジャルジャルの公式チャンネルです！ 日々の活動をドンドンUPしていきます！！ ジャルジャルがネタ帳に書き留めたネタになる...,2019-02-23T09:00:02.000Z,440,31,0,2404,129047
277,Ko7NiYOMylI,『ボディーミュージックの世界に送り込まれる奴』ジャルジャルのネタのタネ【JARUJARUTOWER】,このチャンネルはジャルジャルの公式チャンネルです！ 日々の活動をドンドンUPしていきます！！ ジャルジャルがネタ帳に書き留めたネタになる...,2019-02-21T09:00:01.000Z,384,42,0,3290,261292
278,6B_t35y5MG0,『家庭教師のくせにうんこ行く奴』ジャルジャルのネタのタネ【JARUJARUTOWER】,このチャンネルはジャルジャルの公式チャンネルです！ 日々の活動をドンドンUPしていきます！！ ジャルジャルがネタ帳に書き留めたネタになる...,2019-02-20T09:00:01.000Z,586,67,0,3668,325224
279,a0LGWh1QPWI,『格安ホテルで相部屋なった奴』ジャルジャルのネタのタネ【JARUJARUTOWER】,このチャンネルはジャルジャルの公式チャンネルです！ 日々の活動をドンドンUPしていきます！！ ジャルジャルがネタ帳に書き留めたネタになる...,2019-02-13T09:00:02.000Z,587,110,0,3526,296616
280,D0npMz8OKMc,『机、ピアノ代わりにする奴』ジャルジャルのネタのタネ【JARUJARUTOWER】,このチャンネルはジャルジャルの公式チャンネルです！ 日々の活動をドンドンUPしていきます！！ ジャルジャルがネタ帳に書き留めたネタになる...,2019-02-12T09:00:03.000Z,440,23,0,2029,105695
281,iY3rG6xTRwE,『クリーン田社長の身だしなみチェック受ける奴』ジャルジャルのネタのタネ【JARUJARUTOWER】,このチャンネルはジャルジャルの公式チャンネルです！ 日々の活動をドンドンUPしていきます！！ ジャルジャルがネタ帳に書き留めたネタになる...,2019-02-06T09:00:08.000Z,387,29,0,2345,149590
282,eGoSV4UokGo,『モグリの意味がピンとこない奴』ジャルジャルのネタのタネ【JARUJARUTOWER】,このチャンネルはジャルジャルの公式チャンネルです！ 日々の活動をドンドンUPしていきます！！ ジャルジャルがネタ帳に書き留めたネタになる...,2019-02-04T09:00:03.000Z,293,28,0,1318,105731
283,biqkG1RAYO0,『勾玉な奴』ジャルジャルのネタのタネ【JARUJARUTOWER】,このチャンネルはジャルジャルの公式チャンネルです！ 日々の活動をドンドンUPしていきます！！ ジャルジャルがネタ帳に書き留めたネタになる...,2019-01-31T09:00:05.000Z,547,46,0,2028,101472
284,52Wwjnre4LE,『牢屋がイメージ通りな奴』ジャルジャルのネタのタネ【JARUJARUTOWER】,このチャンネルはジャルジャルの公式チャンネルです！ 日々の活動をドンドンUPしていきます！！ ジャルジャルがネタ帳に書き留めたネタになる...,2019-01-30T09:00:00.000Z,371,40,0,1850,129567
285,9CkGPWmSyuw,『どんどんやってみる奴』ジャルジャルのネタのタネ【JARUJARUTOWER】,このチャンネルはジャルジャルの公式チャンネルです！ 日々の活動をドンドンUPしていきます！！ ジャルジャルがネタ帳に書き留めたネタになる...,2019-01-29T09:00:01.000Z,395,23,0,1332,82359
286,sFHnbM0D7gI,ジャルっと！爆ハリ！#147,このチャンネルはジャルジャルの公式チャンネルです！ 日々の活動をドンドンUPしていきます！！ ジャルジャルがネタ帳に書き留めたネタになる...,2019-01-28T09:00:10.000Z,137,3,0,270,14349
287,phWoiXxcU1s,『変質者を更生させる奴』ジャルジャルのネタのタネ【JARUJARUTOWER】,このチャンネルはジャルジャルの公式チャンネルです！ 日々の活動をドンドンUPしていきます！！ ジャルジャルがネタ帳に書き留めたネタになる...,2019-01-28T09:00:05.000Z,562,59,0,3632,227304
288,_SwL3nlus2I,『面白さ以前にキツい奴』ジャルジャルのネタのタネ【JARUJARUTOWER】,このチャンネルはジャルジャルの公式チャンネルです！ 日々の活動をドンドンUPしていきます！！ ジャルジャルがネタ帳に書き留めたネタになる...,2019-01-26T09:00:09.000Z,580,62,0,2814,196335
289,kdAdv2gVOiE,『ツタだらけの家に住んでる奴』ジャルジャルのネタのタネ【JARUJARUTOWER】,このチャンネルはジャルジャルの公式チャンネルです！ 日々の活動をドンドンUPしていきます！！ ジャルジャルがネタ帳に書き留めたネタになる...,2019-01-18T09:00:04.000Z,406,31,0,1721,92434
290,t5awHP8kcx8,『英会話教室でイラつく奴』ジャルジャルのネタのタネ【JARUJARUTOWER】,このチャンネルはジャルジャルの公式チャンネルです！ 日々の活動をドンドンUPしていきます！！ ジャルジャルがネタ帳に書き留めたネタになる...,2019-01-16T09:00:07.000Z,548,69,0,3062,239498
291,JvyvwOXOs_8,『「どうします？」って聞く奴』ジャルジャルのネタのタネ【JARUJARUTOWER】,このチャンネルはジャルジャルの公式チャンネルです！ 日々の活動をドンドンUPしていきます！！ ジャルジャルがネタ帳に書き留めたネタになる...,2019-01-15T09:00:02.000Z,422,57,0,2484,184437
292,KgE73pPTtxE,『めっちゃ変な趣味ある奴』ジャルジャルのネタのタネ【JARUJARUTOWER】,このチャンネルはジャルジャルの公式チャンネルです！ 日々の活動をドンドンUPしていきます！！ ジャルジャルがネタ帳に書き留めたネタになる...,2019-01-09T09:00:02.000Z,596,85,0,3284,242558
293,MmH4FT9T6zg,ジャルっと！爆ハリ！#144,このチャンネルはジャルジャルの公式チャンネルです！ 日々の活動をドンドンUPしていきます！！ ジャルジャルがネタ帳に書き留めたネタになる...,2019-01-07T09:00:04.000Z,155,17,0,300,19028
294,XvPoUZpU8m4,『ペンにキャップついてるの気付かん奴』ジャルジャルのネタのタネ【JARUJARUTOWER】,このチャンネルはジャルジャルの公式チャンネルです！ 日々の活動をドンドンUPしていきます！！ 1月1日〜1月10日は『ネタのタネ』を2本ずつUPし...,2019-01-05T03:00:04.000Z,557,78,0,4573,248488
295,i25S_6F1KkM,『「どんくさい」を「どんくしぃ」と言う奴』ジャルジャルのネタのタネ【JARUJARUTOWER】,このチャンネルはジャルジャルの公式チャンネルです！ 日々の活動をドンドンUPしていきます！！ 1月1日〜1月10日は『ネタのタネ』を2本ずつUPし...,2019-01-04T09:00:07.000Z,522,31,0,2606,148604
296,G-WTltpAkNY,『わけあって、声でかかった奴』ジャルジャルのネタのタネ【JARUJARUTOWER】,このチャンネルはジャルジャルの公式チャンネルです！ 日々の活動をドンドンUPしていきます！！ 1月1日〜1月10日は『ネタのタネ』を2本ずつUPし...,2019-01-04T03:00:01.000Z,307,31,0,2526,126181
297,6aC8fFy8dyM,『２世代でしょぼい発明した奴』ジャルジャルのネタのタネ【JARUJARUTOWER】,このチャンネルはジャルジャルの公式チャンネルです！ 日々の活動をドンドンUPしていきます！！ 1月1日〜1月10日は『ネタのタネ』を2本ずつUPし...,2019-01-02T09:00:02.000Z,403,98,0,3386,347899
298,ncff-equ5Eg,『口説き落とせそうって言いながら口説き落とす奴』ジャルジャルのネタのタネ【JARUJARUTOWER】,このチャンネルはジャルジャルの公式チャンネルです！ 日々の活動をドンドンUPしていきます！！ 1月1日〜1月10日は『ネタのタネ』を2本ずつUPし...,2019-01-01T09:00:07.000Z,174,33,0,2124,136136
299,wtD56Lny6Qs,『隣人トラブル、エグい奴』ジャルジャルのネタのタネ【JARUJARUTOWER】,このチャンネルはジャルジャルの公式チャンネルです！ 日々の活動をドンドンUPしていきます！！ ジャルジャルがネタ帳に書き留めたネタになる...,2018-12-28T09:00:07.000Z,621,120,0,4918,385107
300,PMz9akXmU-Q,『最後の問題に挑む奴』ジャルジャルのネタのタネ【JARUJARUTOWER】,このチャンネルはジャルジャルの公式チャンネルです！ 日々の活動をドンドンUPしていきます！！ ジャルジャルがネタ帳に書き留めたネタになる...,2018-12-27T09:00:03.000Z,340,49,0,2499,232358
301,Q5LfiieSg2A,ジャルっと！爆ハリ！#142,このチャンネルはジャルジャルの公式チャンネルです！ 日々の活動をドンドンUPしていきます！！ ジャルジャルがネタ帳に書き留めたネタになる...,2018-12-24T09:00:03.000Z,128,4,0,312,14401
302,xB8qBlIVSD8,『ボイパに人生を捧げた奴』ジャルジャルのネタのタネ【JARUJARUTOWER】,このチャンネルはジャルジャルの公式チャンネルです！ 日々の活動をドンドンUPしていきます！！ ジャルジャルがネタ帳に書き留めたネタになる...,2018-12-23T09:00:07.000Z,693,190,0,5383,627401
303,uuOBSfOAGxE,『「定期的？」って聞く奴』ジャルジャルのネタのタネ【JARUJARUTOWER】,このチャンネルはジャルジャルの公式チャンネルです！ 日々の活動をドンドンUPしていきます！！ ジャルジャルがネタ帳に書き留めたネタになる...,2018-12-21T09:00:06.000Z,807,79,0,6213,284146
304,4NLef5sY_po,ジャルジャルのネタのタネ『ライブバージョンダウンロードしてしまった奴』【JARUJARUTOWER】,このチャンネルはジャルジャルの公式チャンネルです！ 日々の活動をドンドンUPしていきます！！ ジャルジャルがネタ帳に書き留めたネタになる...,2018-12-19T09:00:00.000Z,434,31,0,1879,125091
305,BZbAleVX18w,ジャルジャルのネタのタネ『客足が減った蕎麦屋を改革する奴』【JARUJARUTOWER】,このチャンネルはジャルジャルの公式チャンネルです！ 日々の活動をドンドンUPしていきます！！ ジャルジャルがネタ帳に書き留めたネタになる...,2018-12-18T09:00:02.000Z,388,41,0,2382,190091
306,xuzbvpZEljg,ジャルっと！爆ハリ！#141,このチャンネルはジャルジャルの公式チャンネルです！ 日々の活動をドンドンUPしていきます！！ ジャルジャルがネタ帳に書き留めたネタになる...,2018-12-17T09:00:15.000Z,184,10,0,371,17034
307,zPyzrZQDafw,ジャルジャルのネタのタネ『解散の判断早い奴』【JARUJARUTOWER】,このチャンネルはジャルジャルの公式チャンネルです！ 日々の活動をドンドンUPしていきます！！ ジャルジャルがネタ帳に書き留めたネタになる...,2018-12-16T09:00:13.000Z,577,65,0,3223,243038
308,q0T4vjY6WaA,ジャルジャルのネタのタネ『ちっちゃい荷物届く奴』【JARUJARUTOWER】,このチャンネルはジャルジャルの公式チャンネルです！ 日々の活動をドンドンUPしていきます！！ ジャルジャルがネタ帳に書き留めたネタになる...,2018-12-15T09:00:10.000Z,297,35,0,1770,125221
309,cs_FVE_np-w,ジャルジャルのネタのタネ『コメント欄を読む奴』【JARUJARUTOWER】,このチャンネルはジャルジャルの公式チャンネルです！ 日々の活動をドンドンUPしていきます！！ ジャルジャルがネタ帳に書き留めたネタになる...,2018-12-13T09:00:04.000Z,938,45,0,3651,143553
310,vGj1421ze-g,ジャルジャルのネタのタネ『謎の行動を思春期の一言で片付ける奴』【JARUJARUTOWER】,このチャンネルはジャルジャルの公式チャンネルです！ 日々の活動をドンドンUPしていきます！！ ジャルジャルがネタ帳に書き留めたネタになる...,2018-12-13T09:00:10.000Z,631,36,0,2872,128689
311,4r6YcviPaWU,ジャルジャルのネタのタネ『学校でのエアガン許可されてる奴』【JARUJARUTOWER】,このチャンネルはジャルジャルの公式チャンネルです！ 日々の活動をドンドンUPしていきます！！ ジャルジャルがネタ帳に書き留めたネタになる...,2018-12-12T09:00:01.000Z,536,126,0,4379,261155
312,1XaTFXrLb3I,ジャルジャルのネタのタネ『気づかないうちに痩せてた奴』【JARUJARUTOWER】,このチャンネルはジャルジャルの公式チャンネルです！ 日々の活動をドンドンUPしていきます！！ ジャルジャルがネタ帳に書き留めたネタになる...,2018-12-11T09:00:01.000Z,392,64,0,2453,194833
313,4GBD1sdQv78,ジャルっと！爆ハリ！#140,このチャンネルはジャルジャルの公式チャンネルです！ 日々の活動をドンドンUPしていきます！！ ジャルジャルがネタ帳に書き留めたネタになる...,2018-12-10T09:00:00.000Z,146,4,0,411,16563
314,ox0AoLqDiHc,ジャルジャルのネタのタネ『「えぇーぇ」って言う奴』【JARUJARUTOWER】,このチャンネルはジャルジャルの公式チャンネルです！ 日々の活動をドンドンUPしていきます！！ ジャルジャルがネタ帳に書き留めたネタになる...,2018-12-10T09:00:04.000Z,512,66,0,3455,212125
315,ZZH7NmY0rsE,ジャルジャルのネタのタネ『小ネタ思い付くと呼び出す奴』【JARUJARUTOWER】,このチャンネルはジャルジャルの公式チャンネルです！ 日々の活動をドンドンUPしていきます！！ ジャルジャルがネタ帳に書き留めたネタになる...,2018-12-09T09:00:09.000Z,459,66,0,2522,197775
316,bJA1rET5aPU,ジャルジャルのネタのタネ『邪魔物の腹殴る奴』【JARUJARUTOWER】,このチャンネルはジャルジャルの公式チャンネルです！ 日々の活動をドンドンUPしていきます！！ ジャルジャルがネタ帳に書き留めたネタになる...,2018-12-07T09:00:09.000Z,452,67,0,3620,292973
317,TTzc6YuePB4,ジャルジャルのネタのタネ『延長線上に似てる奴がいる奴』【JARUJARUTOWER】,このチャンネルはジャルジャルの公式チャンネルです！ 日々の活動をドンドンUPしていきます！！ ジャルジャルがネタ帳に書き留めたネタになる...,2018-12-05T09:00:02.000Z,390,67,0,2964,125004
318,PdtgekumU1o,ジャルっと！爆ハリ！#139,このチャンネルはジャルジャルの公式チャンネルです！ 日々の活動をドンドンUPしていきます！！ ジャルジャルがネタ帳に書き留めたネタになる...,2018-12-03T09:00:05.000Z,110,6,0,254,19373
319,lqSMrkhYQ64,ジャルジャルのネタのタネ『ガリガリ日記を書く、ガリガリ力士の奴』【JARUJARUTOWER】,このチャンネルはジャルジャルの公式チャンネルです！ 日々の活動をドンドンUPしていきます！！ ジャルジャルがネタ帳に書き留めたネタになる...,2018-12-03T09:00:10.000Z,682,136,0,4375,288493
320,b1J39WQFvSs,ジャルジャルのネタのタネ『M-1決勝でやったネタ    国名分けっこやる奴』【JARUJARUTOWER】,このチャンネルはジャルジャルの公式チャンネルです！ 日々の活動をドンドンUPしていきます！！ ジャルジャルがネタ帳に書き留めたネタになる...,2018-12-02T16:32:50.000Z,4184,1206,0,54756,3008641
321,EJX25OE13vk,ジャルジャルのネタのタネ『うっすら寒いから会社休む奴』【JARUJARUTOWER】,このチャンネルはジャルジャルの公式チャンネルです！ 日々の活動をドンドンUPしていきます！！ ジャルジャルがネタ帳に書き留めたネタになる...,2018-11-29T09:00:00.000Z,791,143,0,10943,554947
322,j4Krst_-aIQ,ジャルジャルのネタのタネ『バレエ教室やってる奴』【JARUJARUTOWER】,このチャンネルはジャルジャルの公式チャンネルです！ 日々の活動をドンドンUPしていきます！！ ジャルジャルがネタ帳に書き留めたネタになる...,2018-11-27T09:00:04.000Z,216,30,0,1451,110789
323,Dx18HnnhSLM,ジャルっと！爆ハリ！#138,このチャンネルはジャルジャルの公式チャンネルです！ 日々の活動をドンドンUPしていきます！！ ジャルジャルがネタ帳に書き留めたネタになる...,2018-11-26T09:00:01.000Z,90,9,0,194,12311
324,gKxxdKGbq3M,ジャルジャルのネタのタネ『洗脳されへん奴』【JARUJARUTOWER】,このチャンネルはジャルジャルの公式チャンネルです！ 日々の活動をドンドンUPしていきます！！ ジャルジャルがネタ帳に書き留めたネタになる...,2018-11-26T09:00:07.000Z,390,78,0,3772,279708
325,a-5PMjw4XbA,ジャルジャルのネタのタネ『０点チャンピオンが何回浪人してるか当てる奴』【JARUJARUTOWER】,このチャンネルはジャルジャルの公式チャンネルです！ 日々の活動をドンドンUPしていきます！！ ジャルジャルがネタ帳に書き留めたネタになる...,2018-11-25T09:00:00.000Z,357,47,0,1919,154194
326,saUgPurtXL4,ジャルジャルのネタのタネ『「行かないですよ」って言う奴』【JARUJARUTOWER】,このチャンネルはジャルジャルの公式チャンネルです！ 日々の活動をドンドンUPしていきます！！ ジャルジャルがネタ帳に書き留めたネタになる...,2018-11-23T09:00:13.000Z,383,49,0,2421,219162
327,Q4FT29ib0o0,ジャルジャルのネタのタネ『アカン奴』【JARUJARUTOWER】,このチャンネルはジャルジャルの公式チャンネルです！ 日々の活動をドンドンUPしていきます！！ ジャルジャルがネタ帳に書き留めたネタになる...,2018-11-21T09:00:04.000Z,330,70,0,2928,193687
328,jSV4amCRL6U,ジャルジャルのネタのタネ『「which your choice」って言う奴』【JARUJARUTOWER】,このチャンネルはジャルジャルの公式チャンネルです！ 日々の活動をドンドンUPしていきます！！ ジャルジャルがネタ帳に書き留めたネタになる...,2018-11-20T09:00:05.000Z,378,41,0,2661,148802
329,0h1Umrz0aU0,ジャルっと！爆ハリ！#130,このチャンネルはジャルジャルの公式チャンネルです！ 日々の活動をドンドンUPしていきます！！ ジャルジャルがネタ帳に書き留めたネタになる...,2018-11-19T09:00:00.000Z,67,9,0,143,10338
330,QK3Oe-qdGeY,ジャルジャルのネタのタネ『嫌な奴やと思ったらいい奴』【JARUJARUTOWER】,このチャンネルはジャルジャルの公式チャンネルです！ 日々の活動をドンドンUPしていきます！！ ジャルジャルがネタ帳に書き留めたネタになる...,2018-11-19T09:00:02.000Z,434,105,0,4616,374711
331,TMAHSsRHcIs,ジャルジャルのネタのタネ『「あー来るんじゃなかった」って言う奴』【JARUJARUTOWER】,このチャンネルはジャルジャルの公式チャンネルです！ 日々の活動をドンドンUPしていきます！！ ジャルジャルがネタ帳に書き留めたネタになる...,2018-11-17T09:00:04.000Z,269,28,0,1981,152730
332,VqMyHqyKbd0,ジャルジャルのネタのタネ『「安心させてよ～」って言う奴』【JARUJARUTOWER】,このチャンネルはジャルジャルの公式チャンネルです！ 日々の活動をドンドンUPしていきます！！ ジャルジャルがネタ帳に書き留めたネタになる...,2018-11-15T09:00:06.000Z,318,40,0,2313,167508
333,Q_xJ69xjgmw,ジャルジャルのネタのタネ『目合う可能性高いところに座る奴』【JARUJARUTOWER】,このチャンネルはジャルジャルの公式チャンネルです！ 日々の活動をドンドンUPしていきます！！ ジャルジャルがネタ帳に書き留めたネタになる...,2018-11-14T09:00:04.000Z,334,46,0,2951,216042
334,c-v1WPACqMU,ジャルっと！爆ハリ！#129,このチャンネルはジャルジャルの公式チャンネルです！ 日々の活動をドンドンUPしていきます！！ ジャルジャルがネタ帳に書き留めたネタになる...,2018-11-12T09:00:03.000Z,70,3,0,159,10659
335,fBifFhJ2Lio,ジャルジャルのネタのタネ『出身が違うから交じり合わない奴』【JARUJARUTOWER】,このチャンネルはジャルジャルの公式チャンネルです！ 日々の活動をドンドンUPしていきます！！ ジャルジャルがネタ帳に書き留めたネタになる...,2018-11-11T09:00:03.000Z,571,85,0,2603,181067
336,XdXv9rFC8GE,ジャルジャルのネタのタネ『笹かまな奴』【JARUJARUTOWER】,このチャンネルはジャルジャルの公式チャンネルです！ 日々の活動をドンドンUPしていきます！！ ジャルジャルがネタ帳に書き留めたネタになる...,2018-11-07T09:00:02.000Z,307,42,0,1975,164896
337,Ly0evXXguP4,ジャルジャルのネタのタネ『色々あった奴』【JARUJARUTOWER】,このチャンネルはジャルジャルの公式チャンネルです！ 日々の活動をドンドンUPしていきます！！ ジャルジャルがネタ帳に書き留めたネタになる...,2018-11-06T09:00:02.000Z,283,45,0,2866,230193
338,mTo0cj5K644,ジャルッと！爆ハリ！#125,このチャンネルはジャルジャルの公式チャンネルです！ 日々の活動をドンドンUPしていきます！！ ジャルジャルがネタ帳に書き留めたネタになる...,2018-11-05T09:00:04.000Z,57,5,0,148,11251
339,ZeYkCUNFD7c,ジャルジャルのネタのタネ『態度一変する奴〜GK川島〜』【JARUJARUTOWER】,このチャンネルはジャルジャルの公式チャンネルです！ 日々の活動をドンドンUPしていきます！！ ジャルジャルがネタ帳に書き留めたネタになる...,2018-11-05T09:00:03.000Z,244,45,0,1755,167702
340,S489af_h7yA,ジャルジャルのネタのタネ『キャラ抜くまで契約書にサインしない奴』【JARUJARUTOWER】,このチャンネルはジャルジャルの公式チャンネルです！ 日々の活動をドンドンUPしていきます！！ ジャルジャルがネタ帳に書き留めたネタになる...,2018-11-03T09:00:05.000Z,207,38,0,1794,184308
341,xKpkPM-0cz8,ジャルジャルのネタのタネ『「今なんつった？」って言う奴』【JARUJARUTOWER】,このチャンネルはジャルジャルの公式チャンネルです！ 日々の活動をドンドンUPしていきます！！ ジャルジャルがネタ帳に書き留めたネタになる...,2018-10-31T09:00:09.000Z,242,39,0,1838,116246
342,AypQ9KsKLsU,ジャルジャルのネタのタネ『屁こいて固まる奴』【JARUJARUTOWER】,このチャンネルはジャルジャルの公式チャンネルです！ 日々の活動をドンドンUPしていきます！！ ジャルジャルがネタ帳に書き留めたネタになる...,2018-10-29T09:00:01.000Z,237,14,0,1136,52159
343,sRVQGOPNTAM,ジャルッと！爆ハリ！#124,ジャルジャル公式LINEも登録お願いします！！：https://live.line.me/r/channels/121 このチャンネルはジャルジャルの公式チャンネルです！ ジャルジャル...,2018-10-29T09:00:07.000Z,77,15,0,119,9615
344,Szw3FWG5uSg,ジャルジャルのネタのタネ『いい先生やのに･･･な奴』【JARUJARUTOWER】,このチャンネルはジャルジャルの公式チャンネルです！ 日々の活動をドンドンUPしていきます！！ ジャルジャルがネタ帳に書き留めたネタになる...,2018-10-28T09:00:02.000Z,340,38,0,3388,247807
345,YNCJE5_lto0,ジャルジャルのネタのタネ『殴る前に袖めくる奴』【JARUJARUTOWER】,このチャンネルはジャルジャルの公式チャンネルです！ 日々の活動をドンドンUPしていきます！！ ジャルジャルがネタ帳に書き留めたネタになる...,2018-10-26T09:00:06.000Z,418,102,0,3325,309009
346,f1cP6nL9bB4,ジャルジャルのネタのタネ『飲みに誘ったくせに喋らん奴』【JARUJARUTOWER】,このチャンネルはジャルジャルの公式チャンネルです！ 日々の活動をドンドンUPしていきます！！ ジャルジャルがネタ帳に書き留めたネタになる...,2018-10-24T09:00:04.000Z,631,147,0,4478,506227
347,OQbr0oS1IVA,ジャルっと！爆ハリ！#123,ジャルジャル公式LINEも登録お願いします！！：https://live.line.me/r/channels/121 このチャンネルはジャルジャルの公式チャンネルです！ ジャルジャル...,2018-10-22T09:00:02.000Z,69,1,0,164,9954
348,0q4eqk9StGE,ジャルジャルのネタのタネ『怒り分散させる奴』【JARUJARUTOWER】,このチャンネルはジャルジャルの公式チャンネルです！ 日々の活動をドンドンUPしていきます！！ ジャルジャルがネタ帳に書き留めたネタになる...,2018-10-21T09:00:01.000Z,313,23,0,3671,130677
349,YG_e0bZEVVU,ジャルジャルのネタのタネ『トイレ借りる奴』【JARUJARUTOWER】,このチャンネルはジャルジャルの公式チャンネルです！ 日々の活動をドンドンUPしていきます！！ ジャルジャルがネタ帳に書き留めたネタになる...,2018-10-17T09:00:03.000Z,349,41,0,2777,218363
350,VITWhp3ex1Q,ジャルっと！爆ハリ！#118,ジャルジャル公式LINEも登録お願いします！！：https://live.line.me/r/channels/121 このチャンネルはジャルジャルの公式チャンネルです！ ジャルジャル...,2018-10-15T09:00:03.000Z,57,6,0,188,9959
351,fAE_7tBz7ZI,ジャルジャルのネタのタネ『挨拶下手な奴』【JARUJARUTOWER】,このチャンネルはジャルジャルの公式チャンネルです！ 日々の活動をドンドンUPしていきます！！ ジャルジャルがネタ帳に書き留めたネタになる...,2018-10-15T09:00:03.000Z,211,35,0,2408,177223
352,kM0GhVdJ_Bs,ジャルジャルのネタのタネ『記者会見する三流大学生の奴』【JARUJARUTOWER】,このチャンネルはジャルジャルの公式チャンネルです！ 日々の活動をドンドンUPしていきます！！ ジャルジャルがネタ帳に書き留めたネタになる...,2018-10-14T09:00:04.000Z,320,52,0,2073,170042
353,2BEhA1gDqCE,ジャルジャルのネタのタネ『ほんまにヤバい奴』【JARUJARUTOWER】,このチャンネルはジャルジャルの公式チャンネルです！ 日々の活動をドンドンUPしていきます！！ ジャルジャルがネタ帳に書き留めたネタになる...,2018-10-13T09:00:00.000Z,369,63,0,3137,259582
354,bxg9DUjrNng,ジャルっと！爆ハリ！#117,ジャルジャル公式LINEも登録お願いします！！：https://live.line.me/r/channels/121 このチャンネルはジャルジャルの公式チャンネルです！ ジャルジャル...,2018-10-08T09:00:03.000Z,112,10,0,301,15009
355,bxPqUbvbD7U,ジャルジャルのネタのタネ『バンドメンバーから外されそうな奴』【JARUJARUTOWER】,このチャンネルはジャルジャルの公式チャンネルです！ 日々の活動をドンドンUPしていきます！！ ジャルジャルがネタ帳に書き留めたネタになる...,2018-10-05T09:00:04.000Z,236,50,0,2255,185718
356,-yNyLNPgQ8k,ジャルジャルのネタのタネ『１対１、苦手な奴』【JARUJARUTOWER】,このチャンネルはジャルジャルの公式チャンネルです！ 日々の活動をドンドンUPしていきます！！ ジャルジャルがネタ帳に書き留めたネタになる...,2018-10-03T09:00:00.000Z,298,34,0,2133,156412
357,EIEo0yQxJWM,ジャルッと！爆ハリ！＃113,ジャルジャル公式LINEも登録お願いします！！：https://live.line.me/r/channels/121 このチャンネルはジャルジャルの公式チャンネルです！ ジャルジャル...,2018-10-01T09:00:01.000Z,161,12,0,424,26253
358,LPTAvttw2J0,ジャルジャルのネタのタネ『大丈夫じゃないのに大丈夫ですっていう奴』【JARUJARUTOWER】,このチャンネルはジャルジャルの公式チャンネルです！ 日々の活動をドンドンUPしていきます！！ ジャルジャルがネタ帳に書き留めたネタになる...,2018-09-24T09:00:04.000Z,330,48,0,2895,220914
359,U-nMmzand0A,ジャルジャルのネタのタネ『デコ狭い奴』【JARUJARUTOWER】,このチャンネルはジャルジャルの公式チャンネルです！ 日々の活動をドンドンUPしていきます！！ ジャルジャルがネタ帳に書き留めたネタになる...,2018-09-19T09:00:04.000Z,262,47,0,1236,101952
360,Ix8vMH3kOf0,ジャルジャルのネタのタネ『ボツ漫才する奴（色）』【JARUJARUTOWER】,このチャンネルはジャルジャルの公式チャンネルです！ 日々の活動をドンドンUPしていきます！！ ジャルジャルがネタ帳に書き留めたネタになる...,2018-09-17T09:00:02.000Z,408,93,0,2441,244877
361,RErQJ63Wb98,ジャルジャルのネタのタネ『速乾した奴』【JARUJARUTOWER】,このチャンネルはジャルジャルの公式チャンネルです！ 日々の活動をドンドンUPしていきます！！ ジャルジャルがネタ帳に書き留めたネタになる...,2018-09-16T09:00:02.000Z,331,37,0,1970,155641
362,UcAGChIRYyc,ジャルジャルのネタのタネ『悪気なく笑いとる奴』【JARUJARUTOWER】,このチャンネルはジャルジャルの公式チャンネルです！ 日々の活動をドンドンUPしていきます！！ ジャルジャルがネタ帳に書き留めたネタになる...,2018-09-12T09:00:05.000Z,363,125,0,3866,400971
363,HIJ5pnhCELw,ジャルジャルのネタのタネ『突然、注意する奴』【JARUJARUTOWER】,このチャンネルはジャルジャルの公式チャンネルです！ 日々の活動をドンドンUPしていきます！！ ジャルジャルがネタ帳に書き留めたネタになる...,2018-09-06T09:00:02.000Z,389,43,0,2596,255429
364,OKYEs-HSCEQ,ジャルジャルのネタのタネ『タメ口な奴』【JARUJARUTOWER】,このチャンネルはジャルジャルの公式チャンネルです！ 日々の活動をドンドンUPしていきます！！ ジャルジャルがネタ帳に書き留めたネタになる...,2018-09-05T09:00:06.000Z,559,102,0,4092,340741
365,zfpHA1mJ3So,ジャルジャルのネタのタネ『ツッコミエコーかかる奴』【JARUJARUTOWER】,このチャンネルはジャルジャルの公式チャンネルです！ 日々の活動をドンドンUPしていきます！！ ジャルジャルがネタ帳に書き留めたネタになる...,2018-09-03T09:00:09.000Z,344,45,0,2381,157508
366,ZvCBwL0BN3g,ジャルジャルのネタのタネ『サラッとキツいこと言う奴』【JARUJARUTOWER】,このチャンネルはジャルジャルの公式チャンネルです！ 日々の活動をドンドンUPしていきます！！ ジャルジャルがネタ帳に書き留めたネタになる...,2018-09-02T09:00:06.000Z,337,82,0,4042,349205
367,V4UCi-2Qp9M,ジャルジャルのネタのタネ『じわじわ引く奴』【JARUJARUTOWER】,このチャンネルはジャルジャルの公式チャンネルです！ 日々の活動をドンドンUPしていきます！！ ジャルジャルがネタ帳に書き留めたネタになる...,2018-08-30T09:00:02.000Z,245,39,0,2024,227431
368,SabFDdLjK7M,ジャルジャルのネタのタネ『すぐ方針変える奴』【JARUJARUTOWER】,このチャンネルはジャルジャルの公式チャンネルです！ 日々の活動をドンドンUPしていきます！！ ジャルジャルがネタ帳に書き留めたネタになる...,2018-08-28T09:00:04.000Z,266,49,0,2375,231580
369,oPVSYB-8BEI,ジャルジャルのネタのタネ『説明下手な奴』【JARUJARUTOWER】,このチャンネルはジャルジャルの公式チャンネルです！ 日々の活動をドンドンUPしていきます！！ ジャルジャルがネタ帳に書き留めたネタになる...,2018-08-27T09:00:03.000Z,359,67,0,2643,306985
370,nmg_bHrxcmA,ジャルジャルのネタのタネ『最初笑ってたのに、じわじわキレる奴』【JARUJARUTOWER】,このチャンネルはジャルジャルの公式チャンネルです！ 日々の活動をドンドンUPしていきます！！ ジャルジャルがネタ帳に書き留めたネタになる...,2018-08-25T09:00:12.000Z,499,87,0,4401,363722
371,d_ukb_3ShaM,ジャルジャルのネタのタネ『天才すぎて変な奴』【JARUJARUTOWER】,このチャンネルはジャルジャルの公式チャンネルです！ 日々の活動をドンドンUPしていきます！！ ジャルジャルがネタ帳に書き留めたネタになる...,2018-08-22T09:00:02.000Z,965,205,0,5031,467206
372,y1hP_9GDnGg,ジャルジャルのネタのタネ『うるさ過ぎてかたまる奴』【JARUJARUTOWER】,このチャンネルはジャルジャルの公式チャンネルです！ 日々の活動をドンドンUPしていきます！！ ジャルジャルがネタ帳に書き留めたネタになる...,2018-08-21T09:00:12.000Z,291,35,0,1901,142900
373,xieBTWvqcEk,ジャルジャルのネタのタネ『ヒント与えない奴』【JARUJARUTOWER】,このチャンネルはジャルジャルの公式チャンネルです！ 日々の活動をドンドンUPしていきます！！ ジャルジャルがネタ帳に書き留めたネタになる...,2018-08-14T09:00:10.000Z,521,135,0,2827,291328
374,RFsDGLtVFlc,ジャルジャルのネタのタネ『人まちがいしたのに恥ずかしくない奴』【JARUJARUTOWER】,このチャンネルはジャルジャルの公式チャンネルです！ 日々の活動をドンドンUPしていきます！！ ジャルジャルがネタ帳に書き留めたネタになる...,2018-08-12T09:00:02.000Z,481,151,0,4296,396310
375,1oenRtCoylg,ジャルジャルのネタのタネ『共通点多いのに飯断る奴』【JARUJARUTOWER】,このチャンネルはジャルジャルの公式チャンネルです！ 日々の活動をドンドンUPしていきます！！ ジャルジャルがネタ帳に書き留めたネタになる...,2018-08-11T09:00:00.000Z,609,150,0,5725,660959
376,gRihZJ4e3aM,ジャルジャルのネタのタネ『けん玉兄弟やらされてる奴(楽屋)』【JARUJARUTOWER】,このチャンネルはジャルジャルの公式チャンネルです！ 日々の活動をドンドンUPしていきます！！ ジャルジャルがネタ帳に書き留めたネタになる...,2018-08-08T09:00:01.000Z,432,55,0,2882,147308
377,zxP7bpbUiYY,ジャルジャルのネタのタネ『けん玉兄弟の奴』【JARUJARUTOWER】,このチャンネルはジャルジャルの公式チャンネルです！ 日々の活動をドンドンUPしていきます！！ ジャルジャルがネタ帳に書き留めたネタになる...,2018-08-06T09:00:07.000Z,729,172,0,2759,157388
378,WW5bpMI9nPg,ジャルジャルのネタのタネ『ちょけた出しもんして後悔する奴』【JARUJARUTOWER】,このチャンネルはジャルジャルの公式チャンネルです！ 日々の活動をドンドンUPしていきます！！ ジャルジャルがネタ帳に書き留めたネタになる...,2018-08-04T09:00:06.000Z,379,63,0,2908,191228
379,3G2zU7uY_Ao,ジャルジャルのネタのタネ『忙しくないのバレる奴』【JARUJARUTOWER】,このチャンネルはジャルジャルの公式チャンネルです！ 日々の活動をドンドンUPしていきます！！ ジャルジャルがネタ帳に書き留めたネタになる...,2018-08-01T09:00:02.000Z,342,101,0,2932,293801
380,n1PZKNvafLk,ジャルジャルのネタのタネ『角刈りフクロウな奴』【JARUJARUTOWER】,このチャンネルはジャルジャルの公式チャンネルです！ 日々の活動をドンドンUPしていきます！！ ジャルジャルがネタ帳に書き留めたネタになる...,2018-07-31T09:00:03.000Z,313,53,0,2679,185360
381,PoQpvEYm2yw,ジャルジャルのネタのタネ『鮎に屁を嗅がせる奴』【JARUJARUTOWER】,このチャンネルはジャルジャルの公式チャンネルです！ 日々の活動をドンドンUPしていきます！！ ジャルジャルがネタ帳に書き留めたネタになる...,2018-07-30T09:00:01.000Z,285,29,0,2076,102872
382,4x7oviDGCfk,ジャルジャルのネタのタネ『絶対受かったと思った奴』【JARUJARUTOWER】,このチャンネルはジャルジャルの公式チャンネルです！ 日々の活動をドンドンUPしていきます！！ ジャルジャルがネタ帳に書き留めたネタになる...,2018-07-29T09:00:00.000Z,168,62,0,2904,290597
383,oiM0r-DL_A4,ジャルジャルのネタのタネ『シュールなネタしそうな奴』【JARUJARUTOWER】,このチャンネルはジャルジャルの公式チャンネルです！ 日々の活動をドンドンUPしていきます！！ ジャルジャルがネタ帳に書き留めたネタになる...,2018-07-28T09:00:09.000Z,1185,186,0,9738,593271
384,dgkAlMXPvGY,ジャルジャルのネタのタネ『客にドリンクこぼす前に店やめる奴』【JARUJARUTOWER】,このチャンネルはジャルジャルの公式チャンネルです！ 日々の活動をドンドンUPしていきます！！ ジャルジャルがネタ帳に書き留めたネタになる...,2018-07-27T09:00:04.000Z,228,41,0,2664,221373
385,fsoykq0dCg4,ジャルジャルのネタのタネ『客にドリンクこぼした瞬間店やめる奴』【JARUJARUTOWER】,このチャンネルはジャルジャルの公式チャンネルです！ 日々の活動をドンドンUPしていきます！！ ジャルジャルがネタ帳に書き留めたネタになる...,2018-07-25T09:00:02.000Z,505,96,0,6973,482478
386,Fbfbf5q7Jdo,ジャルジャルのネタのタネ『新任早々お笑い指導する奴』【JARUJARUTOWER】,このチャンネルはジャルジャルの公式チャンネルです！ 日々の活動をドンドンUPしていきます！！ ジャルジャルがネタ帳に書き留めたネタになる...,2018-07-23T09:00:03.000Z,448,124,0,4175,500558
387,UnHzghzl_Rg,ジャルジャルのネタのタネ『漫才に賭ける奴③』【JARUJARUTOWER】,このチャンネルはジャルジャルの公式チャンネルです！ 日々の活動をドンドンUPしていきます！！ ジャルジャルがネタ帳に書き留めたネタになる...,2018-07-17T09:00:01.000Z,368,54,0,2083,206841
388,zOVxrUVaXU8,ジャルジャルのネタのタネ『漫才に賭ける奴①』【JARUJARUTOWER】,このチャンネルはジャルジャルの公式チャンネルです！ 日々の活動をドンドンUPしていきます！！ ジャルジャルがネタ帳に書き留めたネタになる...,2018-07-15T09:00:05.000Z,371,96,0,2646,355652
389,xPkFLP817mE,コントを見てほしいからチャンネル登録者を増やしたい奴#02,しきなぎではぽんさんの動画にも出演しています！↓ https://www.youtube.com/watch?v=e1iHxUDcRDU&feature=youtu.be しきなぎではぽんさんのチャンネル↓ ...,2018-07-13T10:00:13.000Z,278,29,0,1241,49577
390,yVbNoH7QEyw,ジャルジャルのネタのタネ『参観日で地獄見る奴』【JARUJARUTOWER】,このチャンネルはジャルジャルの公式チャンネルです！ 日々の活動をドンドンUPしていきます！！ ジャルジャルがネタ帳に書き留めたネタになる...,2018-07-13T09:00:04.000Z,484,98,0,3585,348955
391,mRhZCMMZnOk,ジャルジャルのネタのタネ『ボケたい奴』【JARUJARUTOWER】,このチャンネルはジャルジャルの公式チャンネルです！ 日々の活動をドンドンUPしていきます！！ ジャルジャルがネタ帳に書き留めたネタになる...,2018-07-10T09:00:07.000Z,547,187,0,5269,774927
392,7PdpUi76EMQ,ジャルジャルのネタのタネ『落語で結婚祝いする奴』【JARUJARUTOWER】,このチャンネルはジャルジャルの公式チャンネルです！ 日々の活動をドンドンUPしていきます！！ ジャルジャルがネタ帳に書き留めたネタになる...,2018-07-09T09:00:00.000Z,281,47,0,1325,148360
393,DvzV2VmFo2Y,ジャルジャルのネタのタネ『無理やりヘンなことさせる奴』【JARUJARUTOWER】,このチャンネルはジャルジャルの公式チャンネルです！ 日々の活動をドンドンUPしていきます！！ ジャルジャルがネタ帳に書き留めたネタになる...,2018-07-08T09:00:04.000Z,224,62,0,2728,247068
394,mlJAF8FB9g8,ジャルジャルのネタのタネ『価値観大事にする奴①』【JARUJARUTOWER】,このチャンネルはジャルジャルの公式チャンネルです！ 日々の活動をドンドンUPしていきます！！ ジャルジャルがネタ帳に書き留めたネタになる...,2018-07-02T09:00:08.000Z,269,76,0,1950,285497
395,mCGtGLeD2tk,ジャルジャルのネタのタネ『ラグビー教える奴』【JARUJARUTOWER】,このチャンネルはジャルジャルの公式チャンネルです！ 日々の活動をドンドンUPしていきます！！ ジャルジャルがネタ帳に書き留めたネタになる...,2018-07-01T09:00:07.000Z,291,60,0,4596,417589
396,NxDgn-_nSAw,ジャルジャルのネタのタネ『初めてカラオケ行く奴 06:00〜』【JARUJARUTOWER】,このチャンネルはジャルジャルの公式チャンネルです！ 日々の活動をドンドンUPしていきます！！ ジャルジャルがネタ帳に書き留めたネタになる...,2018-06-28T09:00:01.000Z,236,27,0,1906,200136
397,zaYQ-XNryIc,ジャルジャルのネタのタネ『初めてカラオケ行く奴 21:00〜06:00』【JARUJARUTOWER】,このチャンネルはジャルジャルの公式チャンネルです！ 日々の活動をドンドンUPしていきます！！ ジャルジャルがネタ帳に書き留めたネタになる...,2018-06-27T09:00:05.000Z,335,42,0,2182,244292
398,FzV1B8KuKw4,ジャルジャルのネタのタネ『初めてカラオケ行く奴 19:00〜20:00』【JARUJARUTOWER】,このチャンネルはジャルジャルの公式チャンネルです！ 日々の活動をドンドンUPしていきます！！ ジャルジャルがネタ帳に書き留めたネタになる...,2018-06-25T09:00:02.000Z,471,126,0,4639,554060
399,yXVjc-3s0H8,ジャルジャルのネタのタネ『オーディションで死ぬ奴』【JARUJARUTOWER】,このチャンネルはジャルジャルの公式チャンネルです！ 日々の活動をドンドンUPしていきます！！ ジャルジャルがネタ帳に書き留めたネタになる...,2018-06-24T09:00:09.000Z,315,63,0,3563,382594
400,Y05giV5x7iE,ジャルジャルのネタのタネ『面接中、おにぎり食う奴』【JARUJARUTOWER】,このチャンネルはジャルジャルの公式チャンネルです！ 日々の活動をドンドンUPしていきます！！ ジャルジャルがネタ帳に書き留めたネタになる...,2018-06-22T09:00:04.000Z,506,132,0,5620,569171
401,9pizDg8pmq0,ジャルジャルのネタのタネ『ツッコミ講座する奴 1』【JARUJARUTOWER】,このチャンネルはジャルジャルの公式チャンネルです！ 日々の活動をドンドンUPしていきます！！ ジャルジャルがネタ帳に書き留めたネタになる...,2018-06-13T09:00:01.000Z,197,26,0,1544,123456
402,NNgKjJzPA-s,ジャルジャルのネタのタネ『ONとOFF、激しい奴』【JARUJARUTOWER】,このチャンネルはジャルジャルの公式チャンネルです！ 日々の活動をドンドンUPしていきます！！ ジャルジャルがネタ帳に書き留めたネタになる...,2018-06-11T09:00:04.000Z,367,88,0,7070,514852
403,MNKc9MkiGQc,ジャルジャルのネタのタネ『「ほんまに行くんか？」って言う奴』【JARUJARUTOWER】,このチャンネルはジャルジャルの公式チャンネルです！ 日々の活動をドンドンUPしていきます！！ ジャルジャルがネタ帳に書き留めたネタになる...,2018-06-07T09:00:03.000Z,377,77,0,4742,383519
404,R8wA2kmFeZQ,ジャルジャルのネタのタネ『絶対、禿げてる奴』【JARUJARUTOWER】,このチャンネルはジャルジャルの公式チャンネルです！ 日々の活動をドンドンUPしていきます！！ ジャルジャルがネタ帳に書き留めたネタになる...,2018-06-02T09:00:03.000Z,317,108,0,4418,426755
405,IyOSQCDWbaI,ジャルジャルのネタのタネ『死にかけてるの気付かん奴』【JARUJARUTOWER】,このチャンネルはジャルジャルの公式チャンネルです！ 日々の活動をドンドンUPしていきます！！ ジャルジャルがネタ帳に書き留めたネタになる...,2018-05-26T09:00:01.000Z,376,67,0,3894,301854
406,6uaMYmnPtJo,ジャルジャルのネタのタネ『ガチガチやんって言う奴』【JARUJARUTOWER】,このチャンネルはジャルジャルの公式チャンネルです！ 日々の活動をドンドンUPしていきます！！ ジャルジャルがネタ帳に書き留めたネタになる...,2018-05-23T09:00:02.000Z,263,75,0,2045,220020
407,UNGWgBrx3FE,ジャルジャルのネタのタネ『クラス全員ツッコミな奴』【JARUJARUTOWER】,このチャンネルはジャルジャルの公式チャンネルです！ 日々の活動をドンドンUPしていきます！！ ジャルジャルがネタ帳に書き留めたネタになる...,2018-05-18T09:00:02.000Z,192,47,0,2717,176201
408,B9eJUCWak0E,ジャルジャルのネタのタネ『ミュージシャンか漫才師かわからん奴』【JARUJARUTOWER】,このチャンネルはジャルジャルの公式チャンネルです！ 日々の活動をドンドンUPしていきます！！ ジャルジャルがネタ帳に書き留めたネタになる...,2018-05-17T09:00:04.000Z,242,43,0,1256,123577
409,XyAyixUvefU,ジャルジャルのネタのタネ『力ずくで耐える奴』【JARUJARUTOWER】,このチャンネルはジャルジャルの公式チャンネルです！ 日々の活動をドンドンUPしていきます！！ ジャルジャルがネタ帳に書き留めたネタになる...,2018-05-16T09:00:03.000Z,361,163,0,6780,684862
410,kaucudh5_ko,ジャルジャルのネタのタネ『二人で授業する奴』【JARUJARUTOWER】,このチャンネルはジャルジャルの公式チャンネルです！ 日々の活動をドンドンUPしていきます！！ ジャルジャルがネタ帳に書き留めたネタになる...,2018-05-15T09:00:04.000Z,922,300,0,8995,714521
411,mhDHHphq35E,ジャルジャルのネタのタネ『才能ありそうな奴』【JARUJARUTOWER】,このチャンネルはジャルジャルの公式チャンネルです！ 日々の活動をドンドンUPしていきます！！ ジャルジャルがネタ帳に書き留めたネタになる...,2018-05-14T09:00:08.000Z,338,108,0,4426,540777
412,GNBUR4xOvJY,ジャルジャルのネタのタネ『関東出身のツッコミ下手な奴』【JARUJARUTOWER】,このチャンネルはジャルジャルの公式チャンネルです！ 日々の活動をドンドンUPしていきます！！ ジャルジャルがネタ帳に書き留めたネタになる...,2018-05-13T09:00:05.000Z,1763,434,0,17461,1458487
413,oXzTyrZ3_pI,ジャルジャルのネタのタネ『しょうもない理由で喧嘩する奴』【JARUJARUTOWER】,このチャンネルはジャルジャルの公式チャンネルです！ 日々の活動をドンドンUPしていきます！！ ジャルジャルがネタ帳に書き留めたネタになる...,2018-05-11T09:00:04.000Z,273,42,0,2733,171001
414,Idzr6zndyrY,ジャルジャルのネタのタネ『スタッフと仲良すぎる奴』【JARUJARUTOWER】,このチャンネルはジャルジャルの公式チャンネルです！ 日々の活動をドンドンUPしていきます！！ ジャルジャルがネタ帳に書き留めたネタになる...,2018-05-10T09:00:03.000Z,123,32,0,1438,151162
415,NwpXlLUJmDM,ジャルジャルのネタのタネ『やきもち焼く奴』【JARUJARUTOWER】,このチャンネルはジャルジャルの公式チャンネルです！ 日々の活動をドンドンUPしていきます！！ ジャルジャルがネタ帳に書き留めたネタになる...,2018-05-09T09:00:01.000Z,184,42,0,2698,228401
416,7ChhXgpytqk,ジャルジャルのネタのタネ『脚本家って言えへん奴』【JARUJARUTOWER】,このチャンネルはジャルジャルの公式チャンネルです！ 日々の活動をドンドンUPしていきます！！ ジャルジャルがネタ帳に書き留めたネタになる...,2018-05-08T09:00:00.000Z,347,89,0,4352,352689
417,75bzqqHTWi4,ジャルジャルのネタのタネ『｢あ｣｢え｣｢お｣っていう奴』【JARUJARUTOWER】,このチャンネルはジャルジャルの公式チャンネルです！ 日々の活動をドンドンUPしていきます！！ ジャルジャルがネタ帳に書き留めたネタになる...,2018-05-07T09:00:00.000Z,141,37,0,1658,109477
418,h2lxWLZAad0,ジャルジャルのネタのタネ『ゲームとしてガチでピンポンパンゲームやってみる奴(攻守交代)』【JARUJARUTOWER】,このチャンネルはジャルジャルの公式チャンネルです！ 日々の活動をドンドンUPしていきます！！ ジャルジャルがネタ帳に書き留めたネタになる...,2018-05-05T09:00:03.000Z,87,20,0,950,46151
419,6mkNCcm4Ezc,ジャルジャルのネタのタネ『練習なしで久々にピンポンパンゲームやってみた奴』【JARUJARUTOWER】,このチャンネルはジャルジャルの公式チャンネルです！ 日々の活動をドンドンUPしていきます！！ ジャルジャルがネタ帳に書き留めたネタになる...,2018-05-02T09:00:00.000Z,598,303,0,13032,1067784
420,C5HJCKFcDSQ,ジャルジャルのネタのタネ『うそうそって言う奴』【JARUJARUTOWER】,このチャンネルはジャルジャルの公式チャンネルです！ 日々の活動をドンドンUPしていきます！！ ジャルジャルがネタ帳に書き留めたネタになる...,2018-04-29T09:00:00.000Z,132,39,0,1992,215541
421,9nAra9h9QFE,ジャルジャルのネタのタネ『話すの下手な奴』【JARUJARUTOWER】,このチャンネルはジャルジャルの公式チャンネルです！ 日々の活動をドンドンUPしていきます！！ ジャルジャルがネタ帳に書き留めたネタになる...,2018-04-28T09:00:00.000Z,142,45,0,1760,181480
422,CwRRJUnsys8,ジャルジャルのネタのタネ『葬式で故人偲んでるけど変なことする奴』【JARUJARUTOWER】,このチャンネルはジャルジャルの公式チャンネルです！ 日々の活動をドンドンUPしていきます！！ ジャルジャルがネタ帳に書き留めたネタになる...,2018-04-26T09:00:04.000Z,226,37,0,1462,87137
423,c89pTKNQfQE,ジャルジャルのネタのタネ『守るけど傷つける奴』【JARUJARUTOWER】,このチャンネルはジャルジャルの公式チャンネルです！ 日々の活動をドンドンUPしていきます！！ ジャルジャルがネタ帳に書き留めたネタになる...,2018-04-22T09:00:05.000Z,165,71,0,3432,368858
424,eBiWmdbZ_pQ,ジャルジャルのネタのタネ『嘘つき通す奴〜CD〜』【JARUJARUTOWER】,このチャンネルはジャルジャルの公式チャンネルです！ 日々の活動をドンドンUPしていきます！！ ジャルジャルがネタ帳に書き留めたネタになる...,2018-04-21T09:00:09.000Z,286,95,0,3559,460680
425,LLR8a0FINsE,ジャルジャルのネタのタネ『機嫌悪い生徒に急に怒り出す奴』【JARUJARUTOWER】,このチャンネルはジャルジャルの公式チャンネルです！ 日々の活動をドンドンUPしていきます！！ ジャルジャルがネタ帳に書き留めたネタになる...,2018-04-20T09:00:01.000Z,370,91,0,5656,547337
426,4DdR3p0MCfY,ジャルジャルのネタのタネ『先生のこと普段あだ名で呼んでるのバレる奴』【JARUJARUTOWER】,このチャンネルはジャルジャルの公式チャンネルです！ 日々の活動をドンドンUPしていきます！！ ジャルジャルがネタ帳に書き留めたネタになる...,2018-04-18T09:00:00.000Z,241,61,0,3288,384272
427,1UZo-Dx6k-M,ジャルジャルのネタのタネ『家庭教師のくせに鼻ほじる奴』【JARUJARUTOWER】,このチャンネルはジャルジャルの公式チャンネルです！ 日々の活動をドンドンUPしていきます！！ ジャルジャルがネタ帳に書き留めたネタになる...,2018-04-02T09:00:01.000Z,161,30,0,2645,121845
428,qjwXh5WWUE8,ジャルジャルのネタのタネ『股からピン球落とす奴』【JARUJARUTOWER】,このチャンネルはジャルジャルの公式チャンネルです！ 日々の活動をドンドンUPしていきます！！ ジャルジャルがネタ帳に書き留めたネタになる...,2018-03-23T09:00:05.000Z,243,45,0,1934,107525
429,zr_FljYZRQo,ジャルジャルのネタのタネ『ゲップのせいで泣く奴』【JARUJARUTOWER】,このチャンネルはジャルジャルの公式チャンネルです！ 日々の活動をドンドンUPしていきます！！ ジャルジャルがネタ帳に書き留めたネタになる...,2018-03-20T10:42:56.000Z,119,27,0,1733,111993
430,nV5cJLf9mw8,ジャルジャルのネタのタネ『自分の名前まちがいまくる奴』【JARUJARUTOWER】,このチャンネルはジャルジャルの公式チャンネルです！ 日々の活動をドンドンUPしていきます！！ ジャルジャルがネタ帳に書き留めたネタになる...,2018-03-14T09:00:02.000Z,258,45,0,3588,257618
431,UaN69Ga5eSA,ジャルジャルのネタのタネ『気持ち悪がってるけど気持ち悪いほうの奴』【JARUJARUTOWER】,このチャンネルはジャルジャルの公式チャンネルです！ 日々の活動をドンドンUPしていきます！！ ジャルジャルがネタ帳に書き留めたネタになる...,2018-03-13T09:00:02.000Z,262,72,0,3642,285193
432,-ixAVJCThKY,ジャルジャルのネタのタネ『司会者のくせに全然しゃべらない奴』【JARUJARUTOWER】,このチャンネルはジャルジャルの公式チャンネルです！ 日々の活動をドンドンUPしていきます！！ ジャルジャルがネタ帳に書き留めたネタになる...,2018-03-12T09:00:00.000Z,157,36,0,1288,137109
433,Tl_xqSAgEWs,ジャルジャルのネタのタネ『会話のリズム合わない奴』【JARUJARUTOWER】,このチャンネルはジャルジャルの公式チャンネルです！ 日々の活動をドンドンUPしていきます！！ ジャルジャルがネタ帳に書き留めたネタになる...,2018-03-09T09:00:05.000Z,310,48,0,3535,227737
434,Ly7VIuUIanI,ジャルジャルのネタのタネ『ボロクソ言われて感心する奴』【JARUJARUTOWER】,このチャンネルはジャルジャルの公式チャンネルです！ 日々の活動をドンドンUPしていきます！！ ジャルジャルがネタ帳に書き留めたネタになる...,2018-03-06T09:00:04.000Z,261,80,0,4298,416778
435,5CwtK85BaAY,ジャルジャルのネタのタネ『珍しい形でファンに支持されてる奴』【JARUJARUTOWER】,このチャンネルはジャルジャルの公式チャンネルです！ 日々の活動をドンドンUPしていきます！！ ジャルジャルがネタ帳に書き留めたネタになる...,2018-03-03T09:00:01.000Z,73,25,0,1430,125807
436,F72P1G67MKo,ジャルジャルのネタのタネ『家庭教師のクセに顔キツイ奴』【JARUJARUTOWER】,このチャンネルはジャルジャルの公式チャンネルです！ 日々の活動をドンドンUPしていきます！！ ジャルジャルがネタ帳に書き留めたネタになる...,2018-02-27T09:00:01.000Z,261,43,0,2755,273100
437,hyWtzRKSo1I,ジャルジャルのネタのタネ『キャーて言う奴』【JARUJARUTOWER】,このチャンネルはジャルジャルの公式チャンネルです！ 日々の活動をドンドンUPしていきます！！ ジャルジャルがネタ帳に書き留めたネタになる...,2018-02-21T09:00:02.000Z,205,38,0,2713,156048
438,jiPToXdAa28,ジャルジャルのネタのタネ『友達のこと信用してない奴』【JARUJARUTOWER】,このチャンネルはジャルジャルの公式チャンネルです！ 日々の活動をドンドンUPしていきます！！ ジャルジャルがネタ帳に書き留めたネタになる...,2018-02-19T09:00:02.000Z,176,99,0,3985,442430
439,Cxa8RrSFpo0,ジャルジャル即興コント『ちいさな猫を召喚できたなら』コミックゼノン,ジャルジャル公式LINEも登録お願いします！！：https://live.line.me/r/channels/121 このチャンネルはジャルジャルの公式チャンネルです！ ジャルジャル...,2017-07-27T10:00:01.000Z,14,7,0,83,5131
440,0SR1RfwvAkw,ジャルジャル即興コント『五百年目のマリオン』コミックゼノンコラボコント,コミックゼノンHP：http://www.comic-zenon.jp/ ジャルジャル公式LINEも登録お願いします！！：https://live.line.me/r/channels/121 このチャンネルはジャルジャル...,2017-02-23T12:30:01.000Z,11,3,0,72,3793
441,Z0Y-xpFVnEo,ジャルジャル即興コント『めしぬま。』【コミックゼノン】,コミックゼノンHP：http://www.comic-zenon.jp/ ジャルジャル公式LINEも登録お願いします！！：https://live.line.me/r/channels/121 このチャンネルはジャルジャル...,2017-01-26T10:00:01.000Z,12,11,0,80,6949
442,3AmcGzfGuIk,ジャルジャル×倉本美津留のお財布を買いに行ってみた！,ジャルジャル公式LINEも登録お願いします！！：https://live.line.me/r/channels/121 このチャンネルはジャルジャルの公式チャンネルです！ ジャルジャル...,2017-01-21T12:00:00.000Z,50,4,0,407,26904
443,9g_eXWFKV2Y,ジャルジャル即興コント『マヤさんの夜更かし』【コミックゼノン】,コミックゼノンHP：http://www.comic-zenon.jp/ ジャルジャル公式LINEも登録お願いします！！：https://live.line.me/r/channels/121 このチャンネルはジャルジャル...,2016-12-29T10:00:00.000Z,7,1,0,84,4775
444,o6DV4erqtck,【MOJAMOJARUJARU】モジャモジャルジャル　レコーディング風景,モジャモジャルジャルデビューライブのチケットはこちらから購入できます！：http://yoshimoto.funity.jp/ Mojamojaljal is a music unit from Jaljal for Japanese...,2016-12-13T10:00:03.000Z,101,13,0,622,38724
445,0px-xNc5sZ0,ジャルジャルコント『嘘をつき通す奴〜ピザ〜』,ジャルジャル公式LINEも登録お願いします！！：https://live.line.me/r/channels/121 このチャンネルはジャルジャルの公式チャンネルです！ ジャルジャル...,2016-12-03T12:30:00.000Z,1153,1059,0,24268,4569666
446,PJboiuRpQhc,ジャルジャルコント『逆ー!!!』,ジャルジャル公式LINEも登録お願いします！！：https://live.line.me/r/channels/121 このチャンネルはジャルジャルの公式チャンネルです！ ジャルジャル...,2016-12-03T05:04:13.000Z,803,626,0,16542,2530100
447,PMBYiTKDg_Q,ジャルジャルコント『屁我慢してる面接官』,ジャルジャル公式LINEも登録お願いします！！：https://live.line.me/r/channels/121 このチャンネルはジャルジャルの公式チャンネルです！ ジャルジャル...,2016-12-03T03:26:18.000Z,492,226,0,5271,770035
448,1Sklpj_dth8,ジャルジャルコント『おばはん絡み』,ジャルジャル公式LINEも登録お願いします！！：https://live.line.me/r/channels/121 このチャンネルはジャルジャルの公式チャンネルです！ ジャルジャル...,2016-12-03T03:20:09.000Z,587,306,0,5469,697092
449,MkBYw5Xu460,ジャルジャルコント『男か女かわからん奴』,ジャルジャル公式LINEも登録お願いします！！：https://live.line.me/r/channels/121 このチャンネルはジャルジャルの公式チャンネルです！ ジャルジャル...,2016-12-03T03:19:27.000Z,1261,547,0,22589,2113113
450,KPe5yUQEM6o,ジャルジャルコント『新入社員説明会』,ジャルジャル公式LINEも登録お願いします！！：https://live.line.me/r/channels/121 このチャンネルはジャルジャルの公式チャンネルです！ ジャルジャル...,2016-12-03T03:15:27.000Z,733,405,0,9736,1339641
451,qF2QnRRC3Uo,ジャルジャルコント『屁の足音』,ジャルジャル公式LINEも登録お願いします！！：https://live.line.me/r/channels/121 このチャンネルはジャルジャルの公式チャンネルです！ ジャルジャル...,2016-12-02T14:30:00.000Z,256,166,0,4931,800380
452,HPn5OeRYs6U,ジャルジャルコント『角刈りのくせにクラスのメインになろうとする奴』,ジャルジャル公式LINEも登録お願いします！！：https://live.line.me/r/channels/121 このチャンネルはジャルジャルの公式チャンネルです！ ジャルジャル...,2016-12-02T14:30:00.000Z,2824,2101,0,30865,4292332
453,Vmgq8cnzBvQ,ジャルジャルコント『めっちゃふざける奴』,ジャルジャル公式LINEも登録お願いします！！：https://live.line.me/r/channels/121 このチャンネルはジャルジャルの公式チャンネルです！ ジャルジャル...,2016-12-02T14:30:00.000Z,2655,1117,0,42283,3988642
454,8a-GKATVSU4,ジャルジャルコント『びっくりした話』,ジャルジャル公式LINEも登録お願いします！！：https://live.line.me/r/channels/121 このチャンネルはジャルジャルの公式チャンネルです！ ジャルジャル...,2016-12-02T14:00:00.000Z,448,226,0,6976,1435688
455,Tf2QxYf9UC0,ジャルジャルコント『芝居観に行った奴ら』,ジャルジャル公式LINEも登録お願いします！！：https://live.line.me/r/channels/121 このチャンネルはジャルジャルの公式チャンネルです！ ジャルジャル...,2016-12-02T14:00:01.000Z,122,80,0,2398,348881
456,-5y0KJpBt2U,ジャルジャルコント『イス取りゲーム』,ジャルジャル公式LINEも登録お願いします！！：https://live.line.me/r/channels/121 このチャンネルはジャルジャルの公式チャンネルです！ ジャルジャル...,2016-12-02T14:00:01.000Z,181,109,0,2782,441705
457,D4SSThn4dCo,ジャルジャルコント『理解不能者〜病院〜』,ジャルジャル公式LINEも登録お願いします！！：https://live.line.me/r/channels/121 このチャンネルはジャルジャルの公式チャンネルです！ ジャルジャル...,2016-12-02T12:30:00.000Z,412,211,0,8194,971112
458,_sHOGo0QJ_s,ジャルジャルコント『ハンドイートマン』,ジャルジャル公式LINEも登録お願いします！！：https://live.line.me/r/channels/121 このチャンネルはジャルジャルの公式チャンネルです！ ジャルジャル...,2016-12-02T12:30:01.000Z,541,104,0,7846,593524
459,J8ssZzUX2xE,ジャルジャルコント『変な奴』,ジャルジャル公式LINEも登録お願いします！！：https://live.line.me/r/channels/121 このチャンネルはジャルジャルの公式チャンネルです！ ジャルジャル...,2016-12-02T12:30:01.000Z,931,516,0,10746,1855656
460,cGHB7J9PSF8,ジャルジャルコント『演歌』,ジャルジャル公式LINEも登録お願いします！！：https://live.line.me/r/channels/121 このチャンネルはジャルジャルの公式チャンネルです！ ジャルジャル...,2016-12-02T12:30:03.000Z,206,51,0,3160,386464
461,pfJVE_NI7D0,ジャルジャルコント『ため口』,ジャルジャル公式LINEも登録お願いします！！：https://live.line.me/r/channels/121 このチャンネルは、毎週金曜日22時～LINELIVEで絶賛放送中の番組『開放...,2016-12-02T12:30:01.000Z,1550,1469,0,21869,4523120
462,p1IEmNUUlxs,ジャルジャルコント『落語』,ジャルジャル公式LINEも登録お願いします！！：https://live.line.me/r/channels/121 このチャンネルは、毎週金曜日22時～LINELIVEで絶賛放送中の番組『開放...,2016-12-02T12:00:03.000Z,128,92,0,2467,539269
463,Qgq0L8GT9FI,ジャルジャルコント『水泳部　部活紹介２００２』,ジャルジャル公式LINEも登録お願いします！！：https://live.line.me/r/channels/121 このチャンネルはジャルジャルの公式チャンネルです！ ジャルジャル...,2016-12-02T12:00:02.000Z,148,17,0,1998,123876
464,hF2t1QmSMj4,ジャルジャルコント『幼なじみ』,ジャルジャル公式LINEも登録お願いします！！：https://live.line.me/r/channels/121 このチャンネルはジャルジャルの公式チャンネルです！ ジャルジャル...,2016-12-02T12:00:03.000Z,688,494,0,13902,2529803
465,ucKw1CDNI3E,ジャルジャルコント『すごい展開』,ジャルジャル公式LINEも登録お願いします！！：https://live.line.me/r/channels/121 このチャンネルはジャルジャルの公式チャンネルです！ ジャルジャル...,2016-12-02T12:00:03.000Z,482,308,0,11224,1316606
466,xcp1CSHrzCg,ジャルジャルコント『Kumo』,ジャルジャル公式LINEも登録お願いします！！：https://live.line.me/r/channels/121 このチャンネルは、毎週金曜日22時～LINELIVEで絶賛放送中の番組『開放...,2016-12-02T11:30:01.000Z,207,51,0,3451,258318
467,e4t9ZYqCNW0,【MOJAMOJARUJARU debut】ジャルジャル音楽ユニット『モジャモジャルジャル』デビュー会見LIVE！！,モジャモジャルジャルデビューライブのチケットはこちらから購入できます！：http://yoshimoto.funity.jp/ Mojamojaljal is a music unit from Jaljal for Japanese...,2016-12-02T11:05:50.000Z,34,11,0,277,18258
468,vjt6nXEREf0,【MOJAMOJARUJARU debut】ジャルジャル音楽ユニット『モジャモジャルジャル』デビュー会見インタビュー！！,モジャモジャルジャルデビューライブのチケットはこちらから購入できます！：http://yoshimoto.funity.jp/ Mojamojaljal is a music unit from Jaljal for Japanese...,2016-12-02T11:00:03.000Z,14,28,0,144,21923
469,OeS7W1odflE,ジャルジャルコント『柔道』,ジャルジャル公式LINEも登録お願いします！！：https://live.line.me/r/channels/121 このチャンネルは、毎週金曜日22時～LINELIVEで絶賛放送中の番組『開放...,2016-12-02T11:00:02.000Z,270,64,0,1924,242509
470,W4-COSRwS6M,ジャルジャルコント『腕相撲』,ジャルジャル公式LINEも登録お願いします！！：https://live.line.me/r/channels/121 このチャンネルは、毎週金曜日22時～LINELIVEで絶賛放送中の番組『開放...,2016-12-02T06:00:01.000Z,241,311,0,4066,1168690
471,Ly4Wv1wQOng,ジャルジャルコント『熱烈kiss』,ジャルジャル公式LINEも登録お願いします！！：https://live.line.me/r/channels/121 このチャンネルは、毎週金曜日22時～LINELIVEで絶賛放送中の番組『開放...,2016-12-01T12:00:01.000Z,604,149,0,7901,756574
472,vPgimdsgGDc,ジャルジャルコント『しつこいひったくり』,ジャルジャル公式LINEも登録お願いします！！：https://live.line.me/r/channels/121 このチャンネルは、毎週金曜日22時～LINELIVEで絶賛放送中の番組 『開放...,2016-12-01T12:00:07.000Z,228,115,0,4635,550337
473,pCE7xwxiph0,ジャルジャルコント『同い年家庭教師』,ジャルジャル公式LINEも登録お願いします！！：https://live.line.me/r/channels/121 このチャンネルは、毎週金曜日22時～LINELIVEで絶賛放送中の番組『開放...,2016-12-01T11:00:03.000Z,1028,613,0,19824,3025885
474,bKjp-iqVT-0,ジャルジャルコント『しりとり』,ジャルジャル公式LINEも登録お願いします！！：https://live.line.me/r/channels/121 このチャンネルは、毎週金曜日22時～LINELIVEで絶賛放送中の番組『開放...,2016-12-01T10:00:01.000Z,75,21,0,828,145617
475,RcJByXnF2kY,ジャルジャルコント「葬式」,ジャルジャル公式LINEも登録お願いします！！：https://live.line.me/r/channels/121 このチャンネルは、毎週金曜日22時～LINELIVEで絶賛放送中の番組『開放...,2016-12-01T10:00:01.000Z,659,132,0,7582,756813
476,Kez68G9wRSE,ジャルジャルコント『変装』,ジャルジャル公式LINEも登録お願いします！！：https://live.line.me/r/channels/121 このチャンネルは、毎週金曜日22時～LINELIVEで絶賛放送中の番組『開放...,2016-12-01T09:30:00.000Z,225,266,0,5440,1103393
477,tOSDUk-NM64,ジャルジャルコント『変なキャラ練習させられてる奴』,ジャルジャル公式LINEも登録お願いします！！：https://live.line.me/r/channels/121 このチャンネルは、毎週金曜日22時～LINELIVEで絶賛放送中の番組『開放...,2016-12-01T09:00:01.000Z,245,125,0,5402,763603
478,_diftCy3Uho,ジャルジャルコント『水泳部　部活紹介　１９９５』,ジャルジャル公式LINEも登録お願いします！！：https://live.line.me/r/channels/121 このチャンネルは、毎週金曜日22時～LINELIVEで絶賛放送中の番組『開放...,2016-11-30T14:04:51.000Z,250,72,0,1934,224053
479,1N9epOTQmXQ,ジャルジャルコント『人間シュレッダー』,ジャルジャル公式LINEも登録お願いします！！：https://live.line.me/r/channels/121 このチャンネルは、毎週金曜日22時～LINELIVEで絶賛放送中の番組『開放...,2016-11-30T13:30:00.000Z,577,329,0,5879,1007368
480,MYimeqLGM50,ジャルジャル即興コント『タレソカレ』【コミックゼノン】,コミックゼノンHP:http://www.comic-zenon.jp/ このチャンネルは、毎週金曜日22時～LINELIVEで絶賛放送中の番組『開放！ジャルジャルのコント会議～誰でも...,2016-11-24T10:00:01.000Z,7,1,0,66,2961
481,X4Clpi7j-6o,ジャルジャル即興コント『よこしまな江口君』コミックゼノン,このチャンネルは、毎週金曜日22時～LINELIVEで絶賛放送中の番組『開放！ジャルジャルのコント会議～誰でも参加して意見言うてくれてええんやで...,2016-10-27T10:00:02.000Z,10,0,0,77,4786
482,DGoq0mhKPY4,ジャルジャル即興コント『文豪アクト』コミックゼノンコラボコント,コミックゼノンHP:http://www.comic-zenon.jp/ このチャンネルは、毎週金曜日22時～LINELIVEで絶賛放送中の番組『開放！ジャルジャルのコント会議～誰でも...,2016-09-29T10:00:00.000Z,4,0,0,43,2050
483,SeZ1t1e_MN8,ジャルジャル即興コント『疫病神とバカ女神』【コミックゼノンコラボコント】,コミックゼノン：http://www.comic-zenon.jp/ このチャンネルは、毎週金曜日22時～LINELIVEで絶賛放送中の番組『開放！ジャルジャルのコント会議～誰でも...,2016-07-28T10:00:01.000Z,5,0,0,37,2017
484,MXxW7Ncur30,ジャルジャル即興コント『しあわせのポポチ』【コミックゼノンコラボコント】,この動画はコミックゼノンの漫画『しあわせのポポチ』というタイトルでジャルジャルが即興コントします！ コミックゼノンHP：http://www.comic-zenon...,2016-06-30T10:00:01.000Z,7,0,0,70,2274
485,HBRvHged0L0,ジャルジャル即興コント『フルーチェが牛乳と混ざってだんだん固まっていくようなしりとり』,このチャンネルは、毎週金曜日22時～LINELIVEで絶賛放送中の番組『開放！ジャルジャルのコント会議～誰でも参加して意見言うてくれてええんやで...,2016-06-22T10:36:38.000Z,58,6,0,931,42195
486,-GpmoyV0gUA,ジャルジャル即興コント『グレンデル』【コミックゼノン】,この動画はコミックゼノンの漫画『はんなりギロリの頼子さん』というタイトルでジャルジャルが即興コントします！ コミックゼノンHP：http://www...,2016-05-26T10:00:00.000Z,1,3,0,39,1538
487,SHJqb9a2K1Q,ジャルジャル即興コント『たべものけもの』（コミックゼノンコラボコント）,このチャンネルは、毎週金曜日22時～LINELIVEで絶賛放送中の番組『開放！ジャルジャルのコント会議～誰でも参加して意見言うてくれてええんやで...,2016-04-28T10:00:00.000Z,2,0,0,40,1751
488,RcedvWzCPlw,数え歌のできないジャルジャル福徳,このチャンネルは、毎週金曜日22時～LINELIVEで絶賛放送中の番組『開放！ジャルジャルのコント会議～誰でも参加して意見言うてくれてええんやで...,2016-02-29T10:00:00.000Z,19,0,0,350,17651
489,i1emitMLZzg,ジャルジャル即興コント『本物のオッチャン到着』,このチャンネルは、毎週金曜日22時～LINELIVEで絶賛放送中の番組『開放！ジャルジャルのコント会議～誰でも参加して意見言うてくれてええんやで...,2016-01-31T10:00:02.000Z,4,1,0,54,3126
490,o13ZxE-ihkM,ジャルジャル即興コント『オッチャンの話５』,このチャンネルは、毎週金曜日22時～LINELIVEで絶賛放送中の番組『開放！ジャルジャルのコント会議～誰でも参加して意見言うてくれてええんやで...,2016-01-30T10:00:01.000Z,7,1,0,65,4017
491,_x9VVPG1PeQ,ジャルジャル即興コント『オッチャンの話４』,このチャンネルは、毎週金曜日22時～LINELIVEで絶賛放送中の番組『開放！ジャルジャルのコント会議～誰でも参加して意見言うてくれてええんやで...,2016-01-29T10:00:02.000Z,4,1,0,70,4654
492,d0Bgjn0BHkc,ジャルジャル即興コント『オッチャンの話３』,このチャンネルは、毎週金曜日22時～LINELIVEで絶賛放送中の番組『開放！ジャルジャルのコント会議～誰でも参加して意見言うてくれてええんやで...,2016-01-27T10:00:01.000Z,6,2,0,102,5638
493,5WulI0zAf6g,ジャルジャル即興コント『オッチャンの話２』,このチャンネルは、毎週金曜日22時～LINELIVEで絶賛放送中の番組『開放！ジャルジャルのコント会議～誰でも参加して意見言うてくれてええんやで...,2016-01-26T10:00:00.000Z,14,4,0,104,4222
494,GkB-WwRSSHM,ジャルジャル即興コント『オッチャンがいない』,超コントLIVEチケットはこちら➡http://yoshimoto.funity.jp/ このチャンネルは、毎週金曜日22時～LINELIVEで絶賛放送中の番組『開放！ジャルジャルのコン...,2016-01-25T10:01:01.000Z,8,1,0,83,5512
495,fT3JGXgs-xA,ジャルジャルの最初に作ったネタ,超コントLIVEチケットはこちら➡http://yoshimoto.funity.jp/ このチャンネルは、毎週金曜日22時～LINELIVEで絶賛放送中の番組『開放！ジャルジャルのコン...,2016-01-21T09:00:00.000Z,47,6,0,545,41397
496,cL8ZymqUrhE,奇抜な女芸人Aマッソ,このチャンネルは、毎週金曜日22時～ニコ生で絶賛放送中の番組『開放！ジャルジャルのコント会議～誰でも参加して意見言うてくれてええんやで...,2015-12-26T10:00:01.000Z,13,3,0,163,33863
497,J0teb5aqee4,Aマッソ登場！！『笑けずりの裏側』,このチャンネルは、毎週金曜日22時～ニコ生で絶賛放送中の番組『開放！ジャルジャルのコント会議～誰でも参加して意見言うてくれてええんやで...,2015-12-25T10:10:50.000Z,13,3,0,134,36887
498,VsDzhkV6_Po,ジャルジャルの空き時間の過ごし方,このチャンネルは、毎週金曜日22時～ニコ生で絶賛放送中の番組『開放！ジャルジャルのコント会議～誰でも参加して意見言うてくれてええんやで...,2015-10-19T10:00:04.000Z,301,31,0,2931,172214
499,Rv1iKuqhp8g,JAM Project福山芳樹に招待状を渡しに行ってきた！,モジャモジャルジャルデビューライブのチケットはこちらから購入できます！：http://yoshimoto.funity.jp/ 今回はJAM Project福山芳樹さんにあっぷくライ...,2015-10-16T10:00:00.000Z,29,8,0,178,19137
